frequency,e',e'',u',u''
8250000000.0000,   4.2930,   0.4853,   1.0170,   0.0156
8252593750.0000,   4.2945,   0.4840,   1.0175,   0.0124
8255187500.0000,   4.2963,   0.4865,   1.0169,   0.0129
8257781250.0000,   4.2908,   0.4880,   1.0193,   0.0125
8260375000.0000,   4.2968,   0.4866,   1.0187,   0.0111
8262968750.0000,   4.2920,   0.4897,   1.0191,   0.0114
8265562500.0000,   4.2929,   0.4897,   1.0198,   0.0110
8268156250.0000,   4.2963,   0.4900,   1.0190,   0.0113
8270750000.0000,   4.2953,   0.4892,   1.0193,   0.0110
8273343750.0000,   4.2979,   0.4903,   1.0199,   0.0086
8275937500.0000,   4.2967,   0.4921,   1.0206,   0.0112
8278531250.0000,   4.3004,   0.4919,   1.0195,   0.0083
8281125000.0000,   4.2962,   0.4919,   1.0214,   0.0102
8283718750.0000,   4.2983,   0.4897,   1.0214,   0.0078
8286312500.0000,   4.3022,   0.4944,   1.0201,   0.0095
8288906250.0000,   4.3056,   0.4981,   1.0207,   0.0098
8291500000.0000,   4.3026,   0.4914,   1.0203,   0.0075
8294093750.0000,   4.3042,   0.4963,   1.0212,   0.0089
8296687500.0000,   4.3057,   0.4933,   1.0215,   0.0097
8299281250.0000,   4.3109,   0.4910,   1.0204,   0.0068
8301875000.0000,   4.3081,   0.4918,   1.0210,   0.0075
8304468750.0000,   4.3129,   0.4928,   1.0205,   0.0082
8307062500.0000,   4.3096,   0.4921,   1.0209,   0.0089
8309656250.0000,   4.3138,   0.4910,   1.0195,   0.0071
8312250000.0000,   4.3153,   0.4935,   1.0194,   0.0084
8314843750.0000,   4.3153,   0.4903,   1.0207,   0.0067
8317437500.0000,   4.3125,   0.4880,   1.0200,   0.0076
8320031250.0000,   4.3145,   0.4894,   1.0199,   0.0100
8322625000.0000,   4.3181,   0.4849,   1.0194,   0.0072
8325218750.0000,   4.3187,   0.4853,   1.0191,   0.0087
8327812500.0000,   4.3183,   0.4877,   1.0192,   0.0106
8330406250.0000,   4.3189,   0.4829,   1.0193,   0.0085
8333000000.0000,   4.3224,   0.4864,   1.0188,   0.0099
8335593750.0000,   4.3207,   0.4859,   1.0179,   0.0092
8338187500.0000,   4.3234,   0.4852,   1.0176,   0.0106
8340781250.0000,   4.3236,   0.4868,   1.0170,   0.0122
8343375000.0000,   4.3233,   0.4835,   1.0172,   0.0110
8345968750.0000,   4.3270,   0.4835,   1.0172,   0.0116
8348562500.0000,   4.3276,   0.4827,   1.0158,   0.0103
8351156250.0000,   4.3254,   0.4849,   1.0163,   0.0136
8353750000.0000,   4.3261,   0.4859,   1.0159,   0.0133
8356343750.0000,   4.3276,   0.4827,   1.0160,   0.0113
8358937500.0000,   4.3257,   0.4854,   1.0159,   0.0138
8361531250.0000,   4.3261,   0.4823,   1.0161,   0.0135
8364125000.0000,   4.3253,   0.4800,   1.0154,   0.0128
8366718750.0000,   4.3262,   0.4811,   1.0159,   0.0145
8369312500.0000,   4.3292,   0.4841,   1.0158,   0.0150
8371906250.0000,   4.3276,   0.4826,   1.0156,   0.0144
8374500000.0000,   4.3270,   0.4850,   1.0156,   0.0153
8377093750.0000,   4.3274,   0.4829,   1.0143,   0.0136
8379687500.0000,   4.3322,   0.4834,   1.0141,   0.0135
8382281250.0000,   4.3306,   0.4874,   1.0134,   0.0127
8384875000.0000,   4.3276,   0.4826,   1.0152,   0.0136
8387468750.0000,   4.3291,   0.4890,   1.0133,   0.0154
8390062500.0000,   4.3339,   0.4856,   1.0131,   0.0147
8392656250.0000,   4.3287,   0.4832,   1.0139,   0.0136
8395250000.0000,   4.3333,   0.4874,   1.0133,   0.0143
8397843750.0000,   4.3289,   0.4889,   1.0133,   0.0152
8400437500.0000,   4.3318,   0.4870,   1.0130,   0.0136
8403031250.0000,   4.3352,   0.4902,   1.0115,   0.0146
8405625000.0000,   4.3346,   0.4899,   1.0124,   0.0133
8408218750.0000,   4.3397,   0.4866,   1.0109,   0.0134
8410812500.0000,   4.3416,   0.4847,   1.0108,   0.0110
8413406250.0000,   4.3349,   0.4867,   1.0108,   0.0122
8416000000.0000,   4.3417,   0.4841,   1.0089,   0.0106
8418593750.0000,   4.3379,   0.4858,   1.0100,   0.0103
8421187500.0000,   4.3413,   0.4887,   1.0088,   0.0115
8423781250.0000,   4.3410,   0.4873,   1.0089,   0.0125
8426375000.0000,   4.3380,   0.4910,   1.0091,   0.0130
8428968750.0000,   4.3440,   0.4859,   1.0074,   0.0089
8431562500.0000,   4.3447,   0.4910,   1.0063,   0.0107
8434156250.0000,   4.3473,   0.4892,   1.0055,   0.0104
8436750000.0000,   4.3424,   0.4852,   1.0067,   0.0101
8439343750.0000,   4.3418,   0.4850,   1.0057,   0.0107
8441937500.0000,   4.3465,   0.4848,   1.0051,   0.0094
8444531250.0000,   4.3439,   0.4817,   1.0052,   0.0081
8447125000.0000,   4.3477,   0.4852,   1.0040,   0.0102
8449718750.0000,   4.3477,   0.4800,   1.0039,   0.0088
8452312500.0000,   4.3480,   0.4818,   1.0029,   0.0091
8454906250.0000,   4.3440,   0.4837,   1.0030,   0.0102
8457500000.0000,   4.3474,   0.4789,   1.0020,   0.0099
8460093750.0000,   4.3425,   0.4832,   1.0025,   0.0119
8462687500.0000,   4.3427,   0.4799,   1.0024,   0.0098
8465281250.0000,   4.3412,   0.4810,   1.0023,   0.0109
8467875000.0000,   4.3434,   0.4772,   1.0013,   0.0112
8470468750.0000,   4.3371,   0.4754,   1.0013,   0.0118
8473062500.0000,   4.3392,   0.4748,   1.0015,   0.0111
8475656250.0000,   4.3427,   0.4743,   1.0005,   0.0100
8478250000.0000,   4.3398,   0.4730,   1.0014,   0.0108
8480843750.0000,   4.3365,   0.4740,   1.0010,   0.0125
8483437500.0000,   4.3364,   0.4735,   1.0008,   0.0134
8486031250.0000,   4.3367,   0.4705,   1.0004,   0.0135
8488625000.0000,   4.3313,   0.4718,   1.0010,   0.0132
8491218750.0000,   4.3297,   0.4706,   1.0003,   0.0135
8493812500.0000,   4.3327,   0.4725,   1.0012,   0.0149
8496406250.0000,   4.3301,   0.4714,   1.0015,   0.0145
8499000000.0000,   4.3255,   0.4724,   1.0018,   0.0163
8501593750.0000,   4.3283,   0.4730,   1.0003,   0.0154
8504187500.0000,   4.3282,   0.4693,   1.0017,   0.0163
8506781250.0000,   4.3270,   0.4715,   1.0018,   0.0168
8509375000.0000,   4.3269,   0.4680,   1.0015,   0.0156
8511968750.0000,   4.3236,   0.4712,   1.0022,   0.0168
8514562500.0000,   4.3242,   0.4712,   1.0014,   0.0171
8517156250.0000,   4.3247,   0.4717,   1.0020,   0.0170
8519750000.0000,   4.3284,   0.4741,   1.0021,   0.0178
8522343750.0000,   4.3261,   0.4728,   1.0017,   0.0156
8524937500.0000,   4.3258,   0.4743,   1.0030,   0.0166
8527531250.0000,   4.3255,   0.4733,   1.0021,   0.0161
8530125000.0000,   4.3248,   0.4768,   1.0023,   0.0166
8532718750.0000,   4.3304,   0.4734,   1.0022,   0.0155
8535312500.0000,   4.3301,   0.4786,   1.0015,   0.0157
8537906250.0000,   4.3266,   0.4777,   1.0028,   0.0153
8540500000.0000,   4.3301,   0.4788,   1.0015,   0.0141
8543093750.0000,   4.3280,   0.4771,   1.0026,   0.0143
8545687500.0000,   4.3289,   0.4805,   1.0016,   0.0147
8548281250.0000,   4.3282,   0.4851,   1.0019,   0.0153
8550875000.0000,   4.3305,   0.4814,   1.0022,   0.0126
8553468750.0000,   4.3299,   0.4864,   1.0029,   0.0142
8556062500.0000,   4.3303,   0.4839,   1.0009,   0.0137
8558656250.0000,   4.3298,   0.4854,   1.0014,   0.0140
8561250000.0000,   4.3300,   0.4866,   1.0019,   0.0137
8563843750.0000,   4.3300,   0.4834,   1.0019,   0.0125
8566437500.0000,   4.3320,   0.4841,   1.0018,   0.0121
8569031250.0000,   4.3324,   0.4866,   1.0012,   0.0128
8571625000.0000,   4.3296,   0.4831,   1.0022,   0.0124
8574218750.0000,   4.3366,   0.4827,   1.0008,   0.0121
8576812500.0000,   4.3286,   0.4824,   1.0021,   0.0112
8579406250.0000,   4.3342,   0.4868,   1.0005,   0.0111
8582000000.0000,   4.3338,   0.4836,   1.0017,   0.0122
8584593750.0000,   4.3305,   0.4835,   1.0011,   0.0117
8587187500.0000,   4.3315,   0.4842,   1.0009,   0.0127
8589781250.0000,   4.3287,   0.4805,   1.0012,   0.0124
8592375000.0000,   4.3300,   0.4818,   1.0009,   0.0119
8594968750.0000,   4.3286,   0.4840,   1.0015,   0.0124
8597562500.0000,   4.3309,   0.4814,   1.0002,   0.0124
8600156250.0000,   4.3331,   0.4808,   1.0004,   0.0117
8602750000.0000,   4.3265,   0.4805,   1.0011,   0.0119
8605343750.0000,   4.3247,   0.4810,   1.0003,   0.0124
8607937500.0000,   4.3227,   0.4771,   1.0015,   0.0122
8610531250.0000,   4.3232,   0.4809,   1.0012,   0.0129
8613125000.0000,   4.3210,   0.4812,   1.0006,   0.0130
8615718750.0000,   4.3230,   0.4786,   1.0008,   0.0132
8618312500.0000,   4.3211,   0.4773,   1.0008,   0.0124
8620906250.0000,   4.3213,   0.4804,   1.0020,   0.0141
8623500000.0000,   4.3180,   0.4803,   1.0021,   0.0138
8626093750.0000,   4.3224,   0.4800,   1.0013,   0.0135
8628687500.0000,   4.3169,   0.4780,   1.0029,   0.0130
8631281250.0000,   4.3199,   0.4753,   1.0023,   0.0133
8633875000.0000,   4.3153,   0.4799,   1.0030,   0.0143
8636468750.0000,   4.3172,   0.4780,   1.0024,   0.0123
8639062500.0000,   4.3165,   0.4780,   1.0033,   0.0128
8641656250.0000,   4.3202,   0.4816,   1.0017,   0.0130
8644250000.0000,   4.3187,   0.4786,   1.0028,   0.0122
8646843750.0000,   4.3183,   0.4820,   1.0019,   0.0127
8649437500.0000,   4.3170,   0.4799,   1.0023,   0.0122
8652031250.0000,   4.3181,   0.4783,   1.0027,   0.0111
8654625000.0000,   4.3198,   0.4784,   1.0024,   0.0115
8657218750.0000,   4.3181,   0.4836,   1.0026,   0.0126
8659812500.0000,   4.3206,   0.4820,   1.0024,   0.0109
8662406250.0000,   4.3178,   0.4829,   1.0025,   0.0120
8665000000.0000,   4.3183,   0.4816,   1.0031,   0.0114
8667593750.0000,   4.3248,   0.4845,   1.0013,   0.0107
8670187500.0000,   4.3181,   0.4799,   1.0027,   0.0113
8672781250.0000,   4.3247,   0.4801,   1.0021,   0.0094
8675375000.0000,   4.3238,   0.4805,   1.0030,   0.0090
8677968750.0000,   4.3228,   0.4813,   1.0022,   0.0100
8680562500.0000,   4.3262,   0.4807,   1.0020,   0.0096
8683156250.0000,   4.3260,   0.4838,   1.0024,   0.0094
8685750000.0000,   4.3232,   0.4834,   1.0015,   0.0102
8688343750.0000,   4.3287,   0.4812,   1.0006,   0.0081
8690937500.0000,   4.3276,   0.4795,   1.0023,   0.0090
8693531250.0000,   4.3272,   0.4821,   1.0008,   0.0091
8696125000.0000,   4.3228,   0.4823,   1.0019,   0.0086
8698718750.0000,   4.3310,   0.4807,   1.0010,   0.0095
8701312500.0000,   4.3290,   0.4803,   1.0002,   0.0096
8703906250.0000,   4.3287,   0.4797,   1.0010,   0.0094
8706500000.0000,   4.3267,   0.4797,   1.0006,   0.0108
8709093750.0000,   4.3262,   0.4790,   1.0009,   0.0085
8711687500.0000,   4.3304,   0.4778,   0.9993,   0.0099
8714281250.0000,   4.3291,   0.4769,   1.0001,   0.0087
8716875000.0000,   4.3258,   0.4748,   1.0012,   0.0100
8719468750.0000,   4.3285,   0.4802,   0.9996,   0.0114
8722062500.0000,   4.3258,   0.4774,   0.9990,   0.0106
8724656250.0000,   4.3281,   0.4750,   0.9999,   0.0102
8727250000.0000,   4.3267,   0.4754,   1.0006,   0.0114
8729843750.0000,   4.3273,   0.4757,   1.0002,   0.0107
8732437500.0000,   4.3245,   0.4751,   1.0008,   0.0114
8735031250.0000,   4.3267,   0.4717,   1.0005,   0.0094
8737625000.0000,   4.3212,   0.4746,   1.0016,   0.0104
8740218750.0000,   4.3234,   0.4735,   1.0011,   0.0107
8742812500.0000,   4.3221,   0.4751,   1.0016,   0.0105
8745406250.0000,   4.3223,   0.4760,   1.0012,   0.0118
8748000000.0000,   4.3256,   0.4746,   1.0003,   0.0118
8750593750.0000,   4.3258,   0.4755,   1.0010,   0.0107
8753187500.0000,   4.3271,   0.4741,   1.0022,   0.0121
8755781250.0000,   4.3245,   0.4783,   1.0026,   0.0132
8758375000.0000,   4.3276,   0.4771,   1.0006,   0.0124
8760968750.0000,   4.3239,   0.4750,   1.0029,   0.0111
8763562500.0000,   4.3233,   0.4821,   1.0035,   0.0132
8766156250.0000,   4.3256,   0.4748,   1.0029,   0.0105
8768750000.0000,   4.3229,   0.4780,   1.0032,   0.0116
8771343750.0000,   4.3240,   0.4789,   1.0041,   0.0126
8773937500.0000,   4.3274,   0.4798,   1.0038,   0.0113
8776531250.0000,   4.3318,   0.4799,   1.0022,   0.0106
8779125000.0000,   4.3292,   0.4777,   1.0046,   0.0118
8781718750.0000,   4.3318,   0.4811,   1.0042,   0.0121
8784312500.0000,   4.3324,   0.4782,   1.0033,   0.0106
8786906250.0000,   4.3394,   0.4809,   1.0032,   0.0119
8789500000.0000,   4.3367,   0.4812,   1.0038,   0.0111
8792093750.0000,   4.3424,   0.4792,   1.0022,   0.0103
8794687500.0000,   4.3431,   0.4818,   1.0028,   0.0107
8797281250.0000,   4.3445,   0.4816,   1.0024,   0.0104
8799875000.0000,   4.3471,   0.4785,   1.0023,   0.0088
8802468750.0000,   4.3478,   0.4830,   1.0008,   0.0094
8805062500.0000,   4.3474,   0.4818,   1.0020,   0.0103
8807656250.0000,   4.3529,   0.4834,   1.0009,   0.0105
8810250000.0000,   4.3563,   0.4828,   0.9994,   0.0087
8812843750.0000,   4.3561,   0.4829,   0.9991,   0.0087
8815437500.0000,   4.3569,   0.4801,   0.9987,   0.0088
8818031250.0000,   4.3577,   0.4847,   0.9980,   0.0103
8820625000.0000,   4.3623,   0.4828,   0.9965,   0.0093
8823218750.0000,   4.3617,   0.4814,   0.9963,   0.0104
8825812500.0000,   4.3657,   0.4768,   0.9954,   0.0081
8828406250.0000,   4.3619,   0.4788,   0.9950,   0.0091
8831000000.0000,   4.3641,   0.4782,   0.9934,   0.0102
8833593750.0000,   4.3650,   0.4771,   0.9930,   0.0096
8836187500.0000,   4.3625,   0.4764,   0.9927,   0.0098
8838781250.0000,   4.3656,   0.4749,   0.9917,   0.0086
8841375000.0000,   4.3668,   0.4723,   0.9903,   0.0098
8843968750.0000,   4.3613,   0.4741,   0.9907,   0.0103
8846562500.0000,   4.3628,   0.4734,   0.9896,   0.0110
8849156250.0000,   4.3606,   0.4709,   0.9891,   0.0107
8851750000.0000,   4.3581,   0.4700,   0.9897,   0.0114
8854343750.0000,   4.3575,   0.4670,   0.9890,   0.0118
8856937500.0000,   4.3497,   0.4668,   0.9885,   0.0119
8859531250.0000,   4.3519,   0.4632,   0.9878,   0.0119
8862125000.0000,   4.3487,   0.4646,   0.9875,   0.0129
8864718750.0000,   4.3446,   0.4630,   0.9882,   0.0137
8867312500.0000,   4.3428,   0.4663,   0.9880,   0.0142
8869906250.0000,   4.3416,   0.4615,   0.9878,   0.0147
8872500000.0000,   4.3369,   0.4619,   0.9877,   0.0143
8875093750.0000,   4.3332,   0.4614,   0.9889,   0.0151
8877687500.0000,   4.3339,   0.4567,   0.9884,   0.0156
8880281250.0000,   4.3306,   0.4597,   0.9884,   0.0169
8882875000.0000,   4.3277,   0.4565,   0.9891,   0.0171
8885468750.0000,   4.3245,   0.4583,   0.9898,   0.0162
8888062500.0000,   4.3250,   0.4579,   0.9896,   0.0169
8890656250.0000,   4.3236,   0.4576,   0.9900,   0.0175
8893250000.0000,   4.3182,   0.4584,   0.9913,   0.0182
8895843750.0000,   4.3163,   0.4586,   0.9916,   0.0186
8898437500.0000,   4.3194,   0.4542,   0.9917,   0.0172
8901031250.0000,   4.3128,   0.4617,   0.9923,   0.0188
8903625000.0000,   4.3167,   0.4571,   0.9925,   0.0174
8906218750.0000,   4.3179,   0.4658,   0.9917,   0.0193
8908812500.0000,   4.3150,   0.4641,   0.9937,   0.0185
8911406250.0000,   4.3165,   0.4672,   0.9934,   0.0187
8914000000.0000,   4.3127,   0.4670,   0.9944,   0.0178
8916593750.0000,   4.3153,   0.4679,   0.9943,   0.0167
8919187500.0000,   4.3156,   0.4725,   0.9944,   0.0172
8921781250.0000,   4.3138,   0.4703,   0.9955,   0.0170
8924375000.0000,   4.3132,   0.4712,   0.9959,   0.0164
8926968750.0000,   4.3183,   0.4750,   0.9955,   0.0158
8929562500.0000,   4.3202,   0.4755,   0.9948,   0.0153
8932156250.0000,   4.3174,   0.4763,   0.9959,   0.0157
8934750000.0000,   4.3221,   0.4769,   0.9953,   0.0150
8937343750.0000,   4.3200,   0.4812,   0.9964,   0.0164
8939937500.0000,   4.3204,   0.4761,   0.9968,   0.0142
8942531250.0000,   4.3262,   0.4829,   0.9956,   0.0142
8945125000.0000,   4.3240,   0.4806,   0.9960,   0.0133
8947718750.0000,   4.3267,   0.4788,   0.9956,   0.0123
8950312500.0000,   4.3296,   0.4840,   0.9950,   0.0137
8952906250.0000,   4.3337,   0.4781,   0.9941,   0.0123
8955500000.0000,   4.3345,   0.4826,   0.9937,   0.0135
8958093750.0000,   4.3327,   0.4802,   0.9934,   0.0124
8960687500.0000,   4.3357,   0.4789,   0.9925,   0.0105
8963281250.0000,   4.3367,   0.4810,   0.9922,   0.0122
8965875000.0000,   4.3347,   0.4789,   0.9920,   0.0118
8968468750.0000,   4.3341,   0.4750,   0.9918,   0.0128
8971062500.0000,   4.3337,   0.4732,   0.9915,   0.0122
8973656250.0000,   4.3345,   0.4756,   0.9906,   0.0123
8976250000.0000,   4.3321,   0.4756,   0.9900,   0.0131
8978843750.0000,   4.3351,   0.4704,   0.9891,   0.0127
8981437500.0000,   4.3328,   0.4732,   0.9882,   0.0148
8984031250.0000,   4.3332,   0.4662,   0.9878,   0.0127
8986625000.0000,   4.3305,   0.4659,   0.9876,   0.0139
8989218750.0000,   4.3316,   0.4656,   0.9869,   0.0149
8991812500.0000,   4.3292,   0.4639,   0.9861,   0.0152
8994406250.0000,   4.3272,   0.4588,   0.9857,   0.0148
8997000000.0000,   4.3227,   0.4618,   0.9860,   0.0168
8999593750.0000,   4.3192,   0.4563,   0.9862,   0.0169
9002187500.0000,   4.3159,   0.4558,   0.9868,   0.0174
9004781250.0000,   4.3124,   0.4547,   0.9855,   0.0175
9007375000.0000,   4.3076,   0.4539,   0.9862,   0.0188
9009968750.0000,   4.3121,   0.4498,   0.9857,   0.0180
9012562500.0000,   4.3031,   0.4525,   0.9867,   0.0201
9015156250.0000,   4.2962,   0.4493,   0.9880,   0.0185
9017750000.0000,   4.2971,   0.4487,   0.9874,   0.0210
9020343750.0000,   4.2977,   0.4455,   0.9870,   0.0194
9022937500.0000,   4.2892,   0.4457,   0.9885,   0.0199
9025531250.0000,   4.2934,   0.4463,   0.9882,   0.0207
9028125000.0000,   4.2813,   0.4472,   0.9906,   0.0209
9030718750.0000,   4.2800,   0.4442,   0.9906,   0.0207
9033312500.0000,   4.2805,   0.4492,   0.9913,   0.0213
9035906250.0000,   4.2759,   0.4501,   0.9924,   0.0213
9038500000.0000,   4.2693,   0.4524,   0.9942,   0.0218
9041093750.0000,   4.2675,   0.4555,   0.9944,   0.0203
9043687500.0000,   4.2678,   0.4560,   0.9957,   0.0206
9046281250.0000,   4.2640,   0.4585,   0.9966,   0.0215
9048875000.0000,   4.2586,   0.4612,   0.9975,   0.0214
9051468750.0000,   4.2624,   0.4584,   0.9989,   0.0206
9054062500.0000,   4.2579,   0.4624,   1.0002,   0.0201
9056656250.0000,   4.2552,   0.4646,   1.0017,   0.0208
9059250000.0000,   4.2587,   0.4648,   1.0019,   0.0182
9061843750.0000,   4.2561,   0.4700,   1.0035,   0.0200
9064437500.0000,   4.2557,   0.4696,   1.0052,   0.0177
9067031250.0000,   4.2564,   0.4691,   1.0051,   0.0170
9069625000.0000,   4.2574,   0.4747,   1.0057,   0.0178
9072218750.0000,   4.2569,   0.4764,   1.0066,   0.0186
9074812500.0000,   4.2589,   0.4769,   1.0071,   0.0171
9077406250.0000,   4.2618,   0.4786,   1.0077,   0.0160
9080000000.0000,   4.2622,   0.4771,   1.0088,   0.0157
9082593750.0000,   4.2663,   0.4833,   1.0088,   0.0159
9085187500.0000,   4.2656,   0.4835,   1.0090,   0.0160
9087781250.0000,   4.2734,   0.4850,   1.0084,   0.0143
9090375000.0000,   4.2721,   0.4870,   1.0093,   0.0152
9092968750.0000,   4.2745,   0.4853,   1.0092,   0.0135
9095562500.0000,   4.2770,   0.4861,   1.0089,   0.0131
9098156250.0000,   4.2759,   0.4880,   1.0090,   0.0141
9100750000.0000,   4.2809,   0.4903,   1.0090,   0.0138
9103343750.0000,   4.2783,   0.4901,   1.0093,   0.0138
9105937500.0000,   4.2869,   0.4899,   1.0077,   0.0137
9108531250.0000,   4.2889,   0.4897,   1.0081,   0.0135
9111125000.0000,   4.2911,   0.4858,   1.0068,   0.0123
9113718750.0000,   4.2920,   0.4834,   1.0068,   0.0119
9116312500.0000,   4.2933,   0.4860,   1.0063,   0.0130
9118906250.0000,   4.2956,   0.4858,   1.0055,   0.0133
9121500000.0000,   4.2967,   0.4845,   1.0053,   0.0125
9124093750.0000,   4.2978,   0.4848,   1.0050,   0.0134
9126687500.0000,   4.2978,   0.4816,   1.0040,   0.0127
9129281250.0000,   4.2999,   0.4831,   1.0032,   0.0127
9131875000.0000,   4.2980,   0.4815,   1.0028,   0.0139
9134468750.0000,   4.3011,   0.4787,   1.0016,   0.0130
9137062500.0000,   4.2984,   0.4811,   1.0025,   0.0148
9139656250.0000,   4.2962,   0.4766,   1.0027,   0.0148
9142250000.0000,   4.2943,   0.4726,   1.0019,   0.0141
9144843750.0000,   4.2927,   0.4729,   1.0013,   0.0148
9147437500.0000,   4.2920,   0.4722,   1.0012,   0.0149
9150031250.0000,   4.2923,   0.4687,   1.0006,   0.0158
9152625000.0000,   4.2888,   0.4694,   1.0015,   0.0160
9155218750.0000,   4.2884,   0.4670,   1.0009,   0.0156
9157812500.0000,   4.2858,   0.4642,   1.0010,   0.0163
9160406250.0000,   4.2839,   0.4675,   1.0019,   0.0181
9163000000.0000,   4.2827,   0.4640,   1.0026,   0.0167
9165593750.0000,   4.2772,   0.4637,   1.0032,   0.0173
9168187500.0000,   4.2764,   0.4606,   1.0032,   0.0167
9170781250.0000,   4.2702,   0.4650,   1.0039,   0.0189
9173375000.0000,   4.2737,   0.4617,   1.0044,   0.0181
9175968750.0000,   4.2715,   0.4614,   1.0048,   0.0182
9178562500.0000,   4.2706,   0.4630,   1.0052,   0.0192
9181156250.0000,   4.2725,   0.4684,   1.0055,   0.0196
9183750000.0000,   4.2657,   0.4632,   1.0074,   0.0193
9186343750.0000,   4.2688,   0.4667,   1.0069,   0.0194
9188937500.0000,   4.2684,   0.4664,   1.0079,   0.0189
9191531250.0000,   4.2626,   0.4666,   1.0090,   0.0194
9194125000.0000,   4.2613,   0.4697,   1.0107,   0.0202
9196718750.0000,   4.2594,   0.4689,   1.0106,   0.0188
9199312500.0000,   4.2616,   0.4680,   1.0114,   0.0191
9201906250.0000,   4.2640,   0.4723,   1.0111,   0.0188
9204500000.0000,   4.2641,   0.4725,   1.0130,   0.0174
9207093750.0000,   4.2638,   0.4789,   1.0132,   0.0195
9209687500.0000,   4.2650,   0.4778,   1.0138,   0.0180
9212281250.0000,   4.2655,   0.4800,   1.0143,   0.0183
9214875000.0000,   4.2661,   0.4815,   1.0142,   0.0178
9217468750.0000,   4.2680,   0.4814,   1.0162,   0.0171
9220062500.0000,   4.2654,   0.4850,   1.0164,   0.0176
9222656250.0000,   4.2645,   0.4877,   1.0174,   0.0179
9225250000.0000,   4.2685,   0.4867,   1.0171,   0.0162
9227843750.0000,   4.2734,   0.4894,   1.0165,   0.0158
9230437500.0000,   4.2747,   0.4918,   1.0162,   0.0149
9233031250.0000,   4.2744,   0.4906,   1.0180,   0.0151
9235625000.0000,   4.2749,   0.4909,   1.0177,   0.0160
9238218750.0000,   4.2833,   0.4922,   1.0168,   0.0144
9240812500.0000,   4.2835,   0.4943,   1.0178,   0.0156
9243406250.0000,   4.2830,   0.4979,   1.0169,   0.0155
9246000000.0000,   4.2839,   0.4955,   1.0173,   0.0147
9248593750.0000,   4.2863,   0.4896,   1.0173,   0.0127
9251187500.0000,   4.2883,   0.4972,   1.0174,   0.0149
9253781250.0000,   4.2934,   0.4933,   1.0175,   0.0140
9256375000.0000,   4.2859,   0.4955,   1.0183,   0.0145
9258968750.0000,   4.2957,   0.4941,   1.0168,   0.0138
9261562500.0000,   4.2950,   0.4920,   1.0171,   0.0142
9264156250.0000,   4.2974,   0.4917,   1.0165,   0.0141
9266750000.0000,   4.2965,   0.4895,   1.0170,   0.0140
9269343750.0000,   4.3023,   0.4905,   1.0164,   0.0151
9271937500.0000,   4.2976,   0.4915,   1.0163,   0.0157
9274531250.0000,   4.3002,   0.4906,   1.0161,   0.0150
9277125000.0000,   4.3009,   0.4883,   1.0153,   0.0151
9279718750.0000,   4.3052,   0.4882,   1.0152,   0.0156
9282312500.0000,   4.3051,   0.4878,   1.0144,   0.0163
9284906250.0000,   4.3071,   0.4858,   1.0139,   0.0163
9287500000.0000,   4.3078,   0.4848,   1.0138,   0.0170
9290093750.0000,   4.3051,   0.4845,   1.0136,   0.0174
9292687500.0000,   4.3084,   0.4877,   1.0130,   0.0180
9295281250.0000,   4.3072,   0.4784,   1.0133,   0.0164
9297875000.0000,   4.3134,   0.4807,   1.0119,   0.0171
9300468750.0000,   4.3106,   0.4875,   1.0113,   0.0192
9303062500.0000,   4.3112,   0.4803,   1.0109,   0.0189
9305656250.0000,   4.3102,   0.4834,   1.0122,   0.0196
9308250000.0000,   4.3099,   0.4831,   1.0110,   0.0202
9310843750.0000,   4.3068,   0.4822,   1.0121,   0.0208
9313437500.0000,   4.3105,   0.4832,   1.0100,   0.0210
9316031250.0000,   4.3136,   0.4842,   1.0095,   0.0194
9318625000.0000,   4.3102,   0.4823,   1.0097,   0.0202
9321218750.0000,   4.3118,   0.4856,   1.0097,   0.0213
9323812500.0000,   4.3113,   0.4835,   1.0085,   0.0202
9326406250.0000,   4.3097,   0.4869,   1.0089,   0.0216
9329000000.0000,   4.3127,   0.4831,   1.0092,   0.0195
9331593750.0000,   4.3123,   0.4884,   1.0090,   0.0223
9334187500.0000,   4.3120,   0.4845,   1.0089,   0.0198
9336781250.0000,   4.3096,   0.4863,   1.0090,   0.0209
9339375000.0000,   4.3078,   0.4892,   1.0087,   0.0207
9341968750.0000,   4.3086,   0.4918,   1.0083,   0.0223
9344562500.0000,   4.3094,   0.4860,   1.0086,   0.0204
9347156250.0000,   4.3089,   0.4885,   1.0081,   0.0208
9349750000.0000,   4.3045,   0.4905,   1.0082,   0.0214
9352343750.0000,   4.3073,   0.4884,   1.0084,   0.0209
9354937500.0000,   4.3042,   0.4906,   1.0091,   0.0207
9357531250.0000,   4.3082,   0.4966,   1.0076,   0.0217
9360125000.0000,   4.3054,   0.4892,   1.0085,   0.0201
9362718750.0000,   4.3066,   0.4909,   1.0077,   0.0201
9365312500.0000,   4.3074,   0.4948,   1.0090,   0.0210
9367906250.0000,   4.3013,   0.4902,   1.0089,   0.0211
9370500000.0000,   4.3016,   0.4897,   1.0098,   0.0212
9373093750.0000,   4.3061,   0.4910,   1.0084,   0.0208
9375687500.0000,   4.2973,   0.4926,   1.0092,   0.0217
9378281250.0000,   4.3018,   0.4889,   1.0090,   0.0211
9380875000.0000,   4.3006,   0.4899,   1.0093,   0.0215
9383468750.0000,   4.3040,   0.4877,   1.0086,   0.0220
9386062500.0000,   4.3016,   0.4909,   1.0092,   0.0234
9388656250.0000,   4.2981,   0.4853,   1.0099,   0.0226
9391250000.0000,   4.2963,   0.4890,   1.0105,   0.0235
9393843750.0000,   4.2965,   0.4914,   1.0099,   0.0236
9396437500.0000,   4.2948,   0.4890,   1.0104,   0.0233
9399031250.0000,   4.2977,   0.4846,   1.0095,   0.0231
9401625000.0000,   4.2962,   0.4851,   1.0109,   0.0232
9404218750.0000,   4.2970,   0.4889,   1.0094,   0.0249
9406812500.0000,   4.2938,   0.4860,   1.0114,   0.0247
9409406250.0000,   4.2898,   0.4876,   1.0111,   0.0254
9412000000.0000,   4.2926,   0.4876,   1.0116,   0.0255
9414593750.0000,   4.2904,   0.4886,   1.0115,   0.0256
9417187500.0000,   4.2890,   0.4888,   1.0120,   0.0258
9419781250.0000,   4.2872,   0.4881,   1.0117,   0.0258
9422375000.0000,   4.2897,   0.4925,   1.0120,   0.0270
9424968750.0000,   4.2872,   0.4924,   1.0131,   0.0267
9427562500.0000,   4.2835,   0.4934,   1.0139,   0.0259
9430156250.0000,   4.2820,   0.4990,   1.0135,   0.0276
9432750000.0000,   4.2778,   0.4955,   1.0147,   0.0269
9435343750.0000,   4.2856,   0.4967,   1.0139,   0.0265
9437937500.0000,   4.2830,   0.5000,   1.0147,   0.0269
9440531250.0000,   4.2808,   0.5004,   1.0144,   0.0275
9443125000.0000,   4.2783,   0.4984,   1.0155,   0.0269
9445718750.0000,   4.2828,   0.5038,   1.0152,   0.0264
9448312500.0000,   4.2862,   0.5049,   1.0149,   0.0265
9450906250.0000,   4.2815,   0.5017,   1.0158,   0.0257
9453500000.0000,   4.2828,   0.5071,   1.0159,   0.0265
9456093750.0000,   4.2847,   0.5059,   1.0161,   0.0252
9458687500.0000,   4.2791,   0.5102,   1.0169,   0.0262
9461281250.0000,   4.2814,   0.5057,   1.0168,   0.0247
9463875000.0000,   4.2838,   0.5059,   1.0160,   0.0239
9466468750.0000,   4.2865,   0.5059,   1.0168,   0.0248
9469062500.0000,   4.2836,   0.5099,   1.0158,   0.0249
9471656250.0000,   4.2908,   0.5113,   1.0170,   0.0239
9474250000.0000,   4.2869,   0.5112,   1.0174,   0.0237
9476843750.0000,   4.2873,   0.5114,   1.0176,   0.0236
9479437500.0000,   4.2920,   0.5119,   1.0168,   0.0238
9482031250.0000,   4.2867,   0.5102,   1.0173,   0.0235
9484625000.0000,   4.2928,   0.5090,   1.0172,   0.0230
9487218750.0000,   4.2922,   0.5133,   1.0168,   0.0238
9489812500.0000,   4.2932,   0.5147,   1.0167,   0.0238
9492406250.0000,   4.2979,   0.5105,   1.0161,   0.0231
9495000000.0000,   4.2974,   0.5135,   1.0160,   0.0234
9497593750.0000,   4.2985,   0.5118,   1.0165,   0.0234
9500187500.0000,   4.3019,   0.5124,   1.0157,   0.0240
9502781250.0000,   4.3028,   0.5108,   1.0149,   0.0226
9505375000.0000,   4.3003,   0.5136,   1.0140,   0.0245
9507968750.0000,   4.3020,   0.5103,   1.0145,   0.0239
9510562500.0000,   4.3037,   0.5108,   1.0149,   0.0244
9513156250.0000,   4.3058,   0.5090,   1.0138,   0.0242
9515750000.0000,   4.3069,   0.5086,   1.0141,   0.0237
9518343750.0000,   4.3043,   0.5097,   1.0141,   0.0252
9520937500.0000,   4.3037,   0.5092,   1.0132,   0.0258
9523531250.0000,   4.3059,   0.5083,   1.0136,   0.0251
9526125000.0000,   4.3069,   0.5036,   1.0127,   0.0253
9528718750.0000,   4.3009,   0.5057,   1.0144,   0.0262
9531312500.0000,   4.3004,   0.5035,   1.0132,   0.0267
9533906250.0000,   4.2991,   0.5030,   1.0131,   0.0274
9536500000.0000,   4.2980,   0.5017,   1.0137,   0.0284
9539093750.0000,   4.2962,   0.5006,   1.0131,   0.0282
9541687500.0000,   4.2966,   0.5033,   1.0127,   0.0302
9544281250.0000,   4.2915,   0.5029,   1.0141,   0.0307
9546875000.0000,   4.2901,   0.5041,   1.0139,   0.0309
9549468750.0000,   4.2872,   0.5048,   1.0148,   0.0320
9552062500.0000,   4.2820,   0.5021,   1.0157,   0.0318
9554656250.0000,   4.2820,   0.5065,   1.0147,   0.0333
9557250000.0000,   4.2822,   0.5019,   1.0155,   0.0323
9559843750.0000,   4.2729,   0.5085,   1.0174,   0.0342
9562437500.0000,   4.2773,   0.5041,   1.0174,   0.0335
9565031250.0000,   4.2708,   0.5072,   1.0185,   0.0359
9567625000.0000,   4.2697,   0.5039,   1.0185,   0.0347
9570218750.0000,   4.2658,   0.5084,   1.0197,   0.0348
9572812500.0000,   4.2652,   0.5090,   1.0200,   0.0364
9575406250.0000,   4.2616,   0.5099,   1.0211,   0.0354
9578000000.0000,   4.2619,   0.5128,   1.0217,   0.0357
9580593750.0000,   4.2633,   0.5134,   1.0217,   0.0360
9583187500.0000,   4.2638,   0.5213,   1.0224,   0.0371
9585781250.0000,   4.2527,   0.5213,   1.0251,   0.0367
9588375000.0000,   4.2558,   0.5175,   1.0249,   0.0363
9590968750.0000,   4.2568,   0.5250,   1.0254,   0.0369
9593562500.0000,   4.2557,   0.5247,   1.0262,   0.0371
9596156250.0000,   4.2594,   0.5281,   1.0253,   0.0362
9598750000.0000,   4.2582,   0.5325,   1.0279,   0.0360
9601343750.0000,   4.2583,   0.5342,   1.0280,   0.0359
9603937500.0000,   4.2568,   0.5375,   1.0279,   0.0358
9606531250.0000,   4.2605,   0.5389,   1.0287,   0.0362
9609125000.0000,   4.2618,   0.5404,   1.0289,   0.0350
9611718750.0000,   4.2640,   0.5425,   1.0292,   0.0341
9614312500.0000,   4.2669,   0.5484,   1.0295,   0.0349
9616906250.0000,   4.2694,   0.5474,   1.0301,   0.0333
9619500000.0000,   4.2769,   0.5509,   1.0290,   0.0337
9622093750.0000,   4.2752,   0.5556,   1.0299,   0.0354
9624687500.0000,   4.2795,   0.5535,   1.0304,   0.0333
9627281250.0000,   4.2844,   0.5514,   1.0289,   0.0318
9629875000.0000,   4.2854,   0.5586,   1.0292,   0.0325
9632468750.0000,   4.2870,   0.5593,   1.0295,   0.0327
9635062500.0000,   4.2944,   0.5601,   1.0292,   0.0325
9637656250.0000,   4.2940,   0.5625,   1.0293,   0.0324
9640250000.0000,   4.2987,   0.5612,   1.0279,   0.0324
9642843750.0000,   4.3042,   0.5622,   1.0270,   0.0325
9645437500.0000,   4.2995,   0.5666,   1.0282,   0.0333
9648031250.0000,   4.3065,   0.5625,   1.0268,   0.0330
9650625000.0000,   4.3111,   0.5617,   1.0255,   0.0328
9653218750.0000,   4.3119,   0.5652,   1.0255,   0.0338
9655812500.0000,   4.3170,   0.5583,   1.0239,   0.0325
9658406250.0000,   4.3208,   0.5579,   1.0231,   0.0340
9661000000.0000,   4.3242,   0.5600,   1.0219,   0.0348
9663593750.0000,   4.3274,   0.5606,   1.0209,   0.0349
9666187500.0000,   4.3262,   0.5547,   1.0208,   0.0352
9668781250.0000,   4.3278,   0.5578,   1.0198,   0.0370
9671375000.0000,   4.3323,   0.5519,   1.0192,   0.0368
9673968750.0000,   4.3310,   0.5546,   1.0188,   0.0376
9676562500.0000,   4.3339,   0.5516,   1.0170,   0.0388
9679156250.0000,   4.3327,   0.5515,   1.0159,   0.0398
9681750000.0000,   4.3314,   0.5495,   1.0162,   0.0413
9684343750.0000,   4.3323,   0.5498,   1.0152,   0.0420
9686937500.0000,   4.3323,   0.5488,   1.0145,   0.0430
9689531250.0000,   4.3342,   0.5465,   1.0127,   0.0443
9692125000.0000,   4.3338,   0.5445,   1.0125,   0.0444
9694718750.0000,   4.3312,   0.5442,   1.0122,   0.0463
9697312500.0000,   4.3304,   0.5408,   1.0116,   0.0468
9699906250.0000,   4.3284,   0.5439,   1.0104,   0.0485
9702500000.0000,   4.3223,   0.5390,   1.0102,   0.0485
9705093750.0000,   4.3235,   0.5376,   1.0095,   0.0488
9707687500.0000,   4.3211,   0.5492,   1.0092,   0.0515
9710281250.0000,   4.3172,   0.5475,   1.0092,   0.0534
9712875000.0000,   4.3191,   0.5452,   1.0080,   0.0538
9715468750.0000,   4.3149,   0.5450,   1.0073,   0.0535
9718062500.0000,   4.3093,   0.5435,   1.0073,   0.0542
9720656250.0000,   4.3087,   0.5446,   1.0061,   0.0547
9723250000.0000,   4.3016,   0.5523,   1.0072,   0.0575
9725843750.0000,   4.3035,   0.5481,   1.0070,   0.0557
9728437500.0000,   4.3012,   0.5540,   1.0067,   0.0570
9731031250.0000,   4.2942,   0.5588,   1.0065,   0.0582
9733625000.0000,   4.2884,   0.5548,   1.0065,   0.0589
9736218750.0000,   4.2922,   0.5561,   1.0057,   0.0576
9738812500.0000,   4.2895,   0.5588,   1.0051,   0.0583
9741406250.0000,   4.2881,   0.5590,   1.0049,   0.0584
9744000000.0000,   4.2835,   0.5620,   1.0060,   0.0588
9746593750.0000,   4.2821,   0.5640,   1.0053,   0.0587
9749187500.0000,   4.2830,   0.5678,   1.0039,   0.0593
9751781250.0000,   4.2812,   0.5688,   1.0046,   0.0592
9754375000.0000,   4.2777,   0.5683,   1.0038,   0.0589
9756968750.0000,   4.2711,   0.5683,   1.0054,   0.0595
9759562500.0000,   4.2745,   0.5704,   1.0035,   0.0591
9762156250.0000,   4.2742,   0.5732,   1.0028,   0.0592
9764750000.0000,   4.2739,   0.5731,   1.0018,   0.0590
9767343750.0000,   4.2687,   0.5720,   1.0029,   0.0590
9769937500.0000,   4.2724,   0.5727,   1.0012,   0.0591
9772531250.0000,   4.2699,   0.5754,   1.0015,   0.0603
9775125000.0000,   4.2717,   0.5756,   1.0000,   0.0593
9777718750.0000,   4.2693,   0.5773,   0.9993,   0.0605
9780312500.0000,   4.2728,   0.5749,   0.9989,   0.0598
9782906250.0000,   4.2711,   0.5743,   0.9979,   0.0601
9785500000.0000,   4.2740,   0.5728,   0.9962,   0.0593
9788093750.0000,   4.2725,   0.5706,   0.9959,   0.0600
9790687500.0000,   4.2723,   0.5694,   0.9944,   0.0596
9793281250.0000,   4.2742,   0.5676,   0.9935,   0.0599
9795875000.0000,   4.2768,   0.5662,   0.9932,   0.0603
9798468750.0000,   4.2747,   0.5639,   0.9914,   0.0604
9801062500.0000,   4.2762,   0.5647,   0.9890,   0.0608
9803656250.0000,   4.2761,   0.5610,   0.9875,   0.0614
9806250000.0000,   4.2783,   0.5587,   0.9857,   0.0616
9808843750.0000,   4.2770,   0.5557,   0.9845,   0.0624
9811437500.0000,   4.2782,   0.5531,   0.9831,   0.0623
9814031250.0000,   4.2774,   0.5509,   0.9818,   0.0630
9816625000.0000,   4.2793,   0.5518,   0.9801,   0.0631
9819218750.0000,   4.2780,   0.5463,   0.9784,   0.0633
9821812500.0000,   4.2821,   0.5439,   0.9768,   0.0632
9824406250.0000,   4.2804,   0.5402,   0.9758,   0.0635
9827000000.0000,   4.2800,   0.5377,   0.9742,   0.0637
9829593750.0000,   4.2804,   0.5377,   0.9728,   0.0645
9832187500.0000,   4.2765,   0.5366,   0.9712,   0.0652
9834781250.0000,   4.2779,   0.5325,   0.9698,   0.0653
9837375000.0000,   4.2743,   0.5293,   0.9689,   0.0649
9839968750.0000,   4.2711,   0.5308,   0.9677,   0.0656
9842562500.0000,   4.2690,   0.5291,   0.9663,   0.0660
9845156250.0000,   4.2709,   0.5257,   0.9645,   0.0656
9847750000.0000,   4.2669,   0.5212,   0.9632,   0.0661
9850343750.0000,   4.2667,   0.5235,   0.9620,   0.0660
9852937500.0000,   4.2629,   0.5194,   0.9613,   0.0665
9855531250.0000,   4.2610,   0.5191,   0.9608,   0.0664
9858125000.0000,   4.2591,   0.5185,   0.9593,   0.0666
9860718750.0000,   4.2552,   0.5164,   0.9577,   0.0659
9863312500.0000,   4.2526,   0.5144,   0.9576,   0.0665
9865906250.0000,   4.2495,   0.5138,   0.9562,   0.0661
9868500000.0000,   4.2470,   0.5126,   0.9561,   0.0656
9871093750.0000,   4.2469,   0.5138,   0.9554,   0.0658
9873687500.0000,   4.2434,   0.5097,   0.9541,   0.0651
9876281250.0000,   4.2383,   0.5132,   0.9539,   0.0650
9878875000.0000,   4.2389,   0.5116,   0.9531,   0.0645
9881468750.0000,   4.2395,   0.5119,   0.9524,   0.0635
9884062500.0000,   4.2352,   0.5090,   0.9515,   0.0629
9886656250.0000,   4.2312,   0.5070,   0.9514,   0.0625
9889250000.0000,   4.2290,   0.5070,   0.9518,   0.0617
9891843750.0000,   4.2286,   0.5061,   0.9513,   0.0611
9894437500.0000,   4.2276,   0.5071,   0.9504,   0.0602
9897031250.0000,   4.2243,   0.5075,   0.9501,   0.0600
9899625000.0000,   4.2230,   0.5044,   0.9500,   0.0591
9902218750.0000,   4.2217,   0.5032,   0.9496,   0.0577
9904812500.0000,   4.2215,   0.5057,   0.9490,   0.0576
9907406250.0000,   4.2209,   0.5042,   0.9492,   0.0571
9910000000.0000,   4.2224,   0.5048,   0.9489,   0.0553
9912593750.0000,   4.2186,   0.4987,   0.9488,   0.0539
9915187500.0000,   4.2215,   0.5023,   0.9484,   0.0538
9917781250.0000,   4.2181,   0.5004,   0.9482,   0.0528
9920375000.0000,   4.2184,   0.4975,   0.9479,   0.0519
9922968750.0000,   4.2201,   0.4996,   0.9470,   0.0511
9925562500.0000,   4.2176,   0.4992,   0.9477,   0.0502
9928156250.0000,   4.2167,   0.4988,   0.9479,   0.0494
9930750000.0000,   4.2188,   0.4940,   0.9471,   0.0487
9933343750.0000,   4.2183,   0.4964,   0.9464,   0.0480
9935937500.0000,   4.2173,   0.4946,   0.9467,   0.0469
9938531250.0000,   4.2184,   0.4917,   0.9465,   0.0468
9941125000.0000,   4.2184,   0.4913,   0.9464,   0.0456
9943718750.0000,   4.2188,   0.4901,   0.9455,   0.0449
9946312500.0000,   4.2196,   0.4890,   0.9448,   0.0448
9948906250.0000,   4.2170,   0.4869,   0.9459,   0.0441
9951500000.0000,   4.2214,   0.4852,   0.9448,   0.0434
9954093750.0000,   4.2201,   0.4846,   0.9445,   0.0432
9956687500.0000,   4.2216,   0.4850,   0.9449,   0.0429
9959281250.0000,   4.2233,   0.4816,   0.9442,   0.0421
9961875000.0000,   4.2223,   0.4766,   0.9439,   0.0409
9964468750.0000,   4.2241,   0.4794,   0.9440,   0.0409
9967062500.0000,   4.2227,   0.4777,   0.9435,   0.0401
9969656250.0000,   4.2234,   0.4772,   0.9437,   0.0404
9972250000.0000,   4.2254,   0.4765,   0.9429,   0.0396
9974843750.0000,   4.2267,   0.4760,   0.9426,   0.0390
9977437500.0000,   4.2284,   0.4735,   0.9427,   0.0385
9980031250.0000,   4.2249,   0.4753,   0.9428,   0.0382
9982625000.0000,   4.2248,   0.4710,   0.9427,   0.0373
9985218750.0000,   4.2272,   0.4738,   0.9423,   0.0367
9987812500.0000,   4.2266,   0.4724,   0.9422,   0.0366
9990406250.0000,   4.2250,   0.4731,   0.9428,   0.0354
9993000000.0000,   4.2269,   0.4710,   0.9420,   0.0348
9995593750.0000,   4.2272,   0.4721,   0.9422,   0.0351
9998187500.0000,   4.2256,   0.4729,   0.9420,   0.0334
10000781250.0000,   4.2268,   0.4688,   0.9419,   0.0329
10003375000.0000,   4.2264,   0.4722,   0.9419,   0.0330
10005968750.0000,   4.2260,   0.4723,   0.9419,   0.0319
10008562500.0000,   4.2254,   0.4741,   0.9426,   0.0312
10011156250.0000,   4.2247,   0.4713,   0.9427,   0.0308
10013750000.0000,   4.2241,   0.4718,   0.9430,   0.0295
10016343750.0000,   4.2264,   0.4725,   0.9423,   0.0283
10018937500.0000,   4.2260,   0.4724,   0.9425,   0.0285
10021531250.0000,   4.2257,   0.4723,   0.9430,   0.0280
10024125000.0000,   4.2239,   0.4748,   0.9439,   0.0270
10026718750.0000,   4.2219,   0.4720,   0.9433,   0.0262
10029312500.0000,   4.2236,   0.4730,   0.9444,   0.0255
10031906250.0000,   4.2227,   0.4740,   0.9446,   0.0253
10034500000.0000,   4.2221,   0.4720,   0.9452,   0.0243
10037093750.0000,   4.2229,   0.4733,   0.9451,   0.0241
10039687500.0000,   4.2237,   0.4707,   0.9456,   0.0228
10042281250.0000,   4.2229,   0.4720,   0.9465,   0.0223
10044875000.0000,   4.2254,   0.4711,   0.9464,   0.0220
10047468750.0000,   4.2206,   0.4694,   0.9469,   0.0217
10050062500.0000,   4.2226,   0.4697,   0.9468,   0.0215
10052656250.0000,   4.2244,   0.4681,   0.9474,   0.0206
10055250000.0000,   4.2225,   0.4710,   0.9475,   0.0204
10057843750.0000,   4.2257,   0.4648,   0.9482,   0.0200
10060437500.0000,   4.2257,   0.4641,   0.9481,   0.0195
10063031250.0000,   4.2267,   0.4634,   0.9486,   0.0185
10065625000.0000,   4.2285,   0.4662,   0.9490,   0.0190
10068218750.0000,   4.2274,   0.4625,   0.9493,   0.0190
10070812500.0000,   4.2291,   0.4644,   0.9490,   0.0186
10073406250.0000,   4.2298,   0.4589,   0.9497,   0.0177
10076000000.0000,   4.2294,   0.4582,   0.9492,   0.0177
10078593750.0000,   4.2304,   0.4592,   0.9495,   0.0177
10081187500.0000,   4.2332,   0.4597,   0.9504,   0.0178
10083781250.0000,   4.2315,   0.4594,   0.9505,   0.0172
10086375000.0000,   4.2343,   0.4575,   0.9507,   0.0179
10088968750.0000,   4.2377,   0.4572,   0.9503,   0.0171
10091562500.0000,   4.2374,   0.4562,   0.9505,   0.0165
10094156250.0000,   4.2384,   0.4558,   0.9502,   0.0163
10096750000.0000,   4.2373,   0.4591,   0.9507,   0.0168
10099343750.0000,   4.2394,   0.4586,   0.9512,   0.0168
10101937500.0000,   4.2404,   0.4591,   0.9509,   0.0156
10104531250.0000,   4.2415,   0.4564,   0.9514,   0.0154
10107125000.0000,   4.2438,   0.4567,   0.9507,   0.0146
10109718750.0000,   4.2416,   0.4570,   0.9517,   0.0151
10112312500.0000,   4.2455,   0.4599,   0.9516,   0.0142
10114906250.0000,   4.2444,   0.4621,   0.9512,   0.0144
10117500000.0000,   4.2455,   0.4621,   0.9516,   0.0134
10120093750.0000,   4.2480,   0.4642,   0.9515,   0.0131
10122687500.0000,   4.2472,   0.4636,   0.9524,   0.0126
10125281250.0000,   4.2453,   0.4660,   0.9524,   0.0120
10127875000.0000,   4.2452,   0.4651,   0.9530,   0.0114
10130468750.0000,   4.2451,   0.4663,   0.9534,   0.0115
10133062500.0000,   4.2481,   0.4670,   0.9528,   0.0103
10135656250.0000,   4.2468,   0.4689,   0.9542,   0.0109
10138250000.0000,   4.2479,   0.4697,   0.9538,   0.0098
10140843750.0000,   4.2487,   0.4703,   0.9547,   0.0091
10143437500.0000,   4.2482,   0.4714,   0.9545,   0.0088
10146031250.0000,   4.2478,   0.4712,   0.9549,   0.0088
10148625000.0000,   4.2501,   0.4716,   0.9553,   0.0078
10151218750.0000,   4.2497,   0.4707,   0.9554,   0.0073
10153812500.0000,   4.2490,   0.4707,   0.9558,   0.0073
10156406250.0000,   4.2496,   0.4732,   0.9560,   0.0072
10159000000.0000,   4.2497,   0.4718,   0.9558,   0.0067
10161593750.0000,   4.2500,   0.4728,   0.9568,   0.0071
10164187500.0000,   4.2526,   0.4688,   0.9563,   0.0064
10166781250.0000,   4.2497,   0.4703,   0.9571,   0.0060
10169375000.0000,   4.2514,   0.4697,   0.9570,   0.0061
10171968750.0000,   4.2526,   0.4724,   0.9571,   0.0063
10174562500.0000,   4.2540,   0.4683,   0.9573,   0.0056
10177156250.0000,   4.2526,   0.4668,   0.9575,   0.0063
10179750000.0000,   4.2563,   0.4699,   0.9579,   0.0058
10182343750.0000,   4.2559,   0.4668,   0.9578,   0.0057
10184937500.0000,   4.2564,   0.4676,   0.9575,   0.0058
10187531250.0000,   4.2571,   0.4674,   0.9577,   0.0058
10190125000.0000,   4.2575,   0.4655,   0.9583,   0.0055
10192718750.0000,   4.2589,   0.4650,   0.9580,   0.0061
10195312500.0000,   4.2615,   0.4645,   0.9579,   0.0057
10197906250.0000,   4.2606,   0.4628,   0.9577,   0.0061
10200500000.0000,   4.2621,   0.4625,   0.9578,   0.0067
10203093750.0000,   4.2627,   0.4635,   0.9575,   0.0061
10205687500.0000,   4.2619,   0.4618,   0.9579,   0.0066
10208281250.0000,   4.2639,   0.4612,   0.9577,   0.0073
10210875000.0000,   4.2650,   0.4582,   0.9572,   0.0067
10213468750.0000,   4.2657,   0.4606,   0.9575,   0.0077
10216062500.0000,   4.2638,   0.4569,   0.9571,   0.0076
10218656250.0000,   4.2668,   0.4602,   0.9573,   0.0072
10221250000.0000,   4.2642,   0.4586,   0.9570,   0.0080
10223843750.0000,   4.2636,   0.4558,   0.9574,   0.0079
10226437500.0000,   4.2656,   0.4572,   0.9572,   0.0077
10229031250.0000,   4.2688,   0.4579,   0.9568,   0.0077
10231625000.0000,   4.2652,   0.4577,   0.9569,   0.0077
10234218750.0000,   4.2686,   0.4586,   0.9573,   0.0081
10236812500.0000,   4.2666,   0.4581,   0.9572,   0.0072
10239406250.0000,   4.2700,   0.4579,   0.9570,   0.0076
10242000000.0000,   4.2675,   0.4598,   0.9575,   0.0077
10244593750.0000,   4.2684,   0.4576,   0.9574,   0.0074
10247187500.0000,   4.2671,   0.4607,   0.9577,   0.0075
10249781250.0000,   4.2684,   0.4592,   0.9581,   0.0074
10252375000.0000,   4.2627,   0.4606,   0.9582,   0.0075
10254968750.0000,   4.2621,   0.4622,   0.9580,   0.0077
10257562500.0000,   4.2656,   0.4624,   0.9580,   0.0078
10260156250.0000,   4.2653,   0.4638,   0.9585,   0.0070
10262750000.0000,   4.2653,   0.4637,   0.9578,   0.0067
10265343750.0000,   4.2604,   0.4668,   0.9592,   0.0070
10267937500.0000,   4.2623,   0.4644,   0.9589,   0.0058
10270531250.0000,   4.2659,   0.4678,   0.9585,   0.0064
10273125000.0000,   4.2618,   0.4682,   0.9592,   0.0062
10275718750.0000,   4.2630,   0.4710,   0.9592,   0.0057
10278312500.0000,   4.2601,   0.4688,   0.9590,   0.0062
10280906250.0000,   4.2605,   0.4684,   0.9591,   0.0054
10283500000.0000,   4.2608,   0.4694,   0.9591,   0.0055
10286093750.0000,   4.2600,   0.4712,   0.9594,   0.0058
10288687500.0000,   4.2586,   0.4706,   0.9597,   0.0055
10291281250.0000,   4.2602,   0.4735,   0.9594,   0.0051
10293875000.0000,   4.2594,   0.4700,   0.9597,   0.0052
10296468750.0000,   4.2566,   0.4713,   0.9599,   0.0051
10299062500.0000,   4.2593,   0.4708,   0.9595,   0.0051
10301656250.0000,   4.2585,   0.4668,   0.9602,   0.0041
10304250000.0000,   4.2608,   0.4723,   0.9595,   0.0040
10306843750.0000,   4.2575,   0.4697,   0.9594,   0.0040
10309437500.0000,   4.2603,   0.4710,   0.9594,   0.0038
10312031250.0000,   4.2578,   0.4707,   0.9595,   0.0036
10314625000.0000,   4.2571,   0.4712,   0.9600,   0.0034
10317218750.0000,   4.2580,   0.4696,   0.9601,   0.0033
10319812500.0000,   4.2564,   0.4653,   0.9604,   0.0038
10322406250.0000,   4.2553,   0.4682,   0.9600,   0.0039
10325000000.0000,   4.2552,   0.4693,   0.9600,   0.0035
10327593750.0000,   4.2513,   0.4680,   0.9603,   0.0038
10330187500.0000,   4.2545,   0.4641,   0.9597,   0.0036
10332781250.0000,   4.2523,   0.4641,   0.9600,   0.0034
10335375000.0000,   4.2517,   0.4620,   0.9606,   0.0033
10337968750.0000,   4.2465,   0.4632,   0.9608,   0.0038
10340562500.0000,   4.2489,   0.4585,   0.9603,   0.0038
10343156250.0000,   4.2469,   0.4597,   0.9605,   0.0045
10345750000.0000,   4.2472,   0.4589,   0.9612,   0.0042
10348343750.0000,   4.2470,   0.4574,   0.9610,   0.0050
10350937500.0000,   4.2446,   0.4546,   0.9611,   0.0047
10353531250.0000,   4.2421,   0.4522,   0.9613,   0.0046
10356125000.0000,   4.2415,   0.4531,   0.9616,   0.0050
10358718750.0000,   4.2397,   0.4516,   0.9622,   0.0048
10361312500.0000,   4.2363,   0.4520,   0.9620,   0.0053
10363906250.0000,   4.2369,   0.4518,   0.9628,   0.0060
10366500000.0000,   4.2362,   0.4487,   0.9627,   0.0054
10369093750.0000,   4.2342,   0.4504,   0.9634,   0.0055
10371687500.0000,   4.2344,   0.4508,   0.9633,   0.0066
10374281250.0000,   4.2295,   0.4487,   0.9642,   0.0072
10376875000.0000,   4.2308,   0.4473,   0.9644,   0.0073
10379468750.0000,   4.2295,   0.4472,   0.9641,   0.0074
10382062500.0000,   4.2317,   0.4484,   0.9645,   0.0078
10384656250.0000,   4.2273,   0.4485,   0.9653,   0.0071
10387250000.0000,   4.2290,   0.4485,   0.9646,   0.0076
10389843750.0000,   4.2304,   0.4512,   0.9656,   0.0072
10392437500.0000,   4.2274,   0.4507,   0.9662,   0.0074
10395031250.0000,   4.2296,   0.4533,   0.9664,   0.0071
10397625000.0000,   4.2256,   0.4531,   0.9673,   0.0070
10400218750.0000,   4.2273,   0.4524,   0.9672,   0.0065
10402812500.0000,   4.2276,   0.4551,   0.9683,   0.0068
10405406250.0000,   4.2264,   0.4551,   0.9685,   0.0067
10408000000.0000,   4.2257,   0.4585,   0.9686,   0.0065
10410593750.0000,   4.2278,   0.4610,   0.9680,   0.0065
10413187500.0000,   4.2292,   0.4618,   0.9684,   0.0059
10415781250.0000,   4.2293,   0.4625,   0.9694,   0.0053
10418375000.0000,   4.2303,   0.4628,   0.9695,   0.0051
10420968750.0000,   4.2318,   0.4651,   0.9689,   0.0055
10423562500.0000,   4.2320,   0.4659,   0.9693,   0.0043
10426156250.0000,   4.2311,   0.4658,   0.9691,   0.0043
10428750000.0000,   4.2323,   0.4658,   0.9693,   0.0050
10431343750.0000,   4.2332,   0.4671,   0.9697,   0.0045
10433937500.0000,   4.2353,   0.4695,   0.9695,   0.0046
10436531250.0000,   4.2345,   0.4680,   0.9696,   0.0035
10439125000.0000,   4.2389,   0.4715,   0.9693,   0.0042
10441718750.0000,   4.2370,   0.4691,   0.9697,   0.0034
10444312500.0000,   4.2362,   0.4670,   0.9698,   0.0034
10446906250.0000,   4.2359,   0.4707,   0.9698,   0.0038
10449500000.0000,   4.2357,   0.4713,   0.9690,   0.0040
10452093750.0000,   4.2368,   0.4706,   0.9688,   0.0030
10454687500.0000,   4.2392,   0.4707,   0.9689,   0.0031
10457281250.0000,   4.2353,   0.4681,   0.9692,   0.0036
10459875000.0000,   4.2355,   0.4679,   0.9687,   0.0034
10462468750.0000,   4.2334,   0.4649,   0.9686,   0.0032
10465062500.0000,   4.2349,   0.4658,   0.9686,   0.0035
10467656250.0000,   4.2307,   0.4685,   0.9686,   0.0040
10470250000.0000,   4.2307,   0.4659,   0.9685,   0.0037
10472843750.0000,   4.2281,   0.4634,   0.9687,   0.0035
10475437500.0000,   4.2286,   0.4628,   0.9683,   0.0036
10478031250.0000,   4.2264,   0.4596,   0.9681,   0.0040
10480625000.0000,   4.2243,   0.4577,   0.9687,   0.0039
10483218750.0000,   4.2269,   0.4566,   0.9688,   0.0042
10485812500.0000,   4.2213,   0.4563,   0.9697,   0.0051
10488406250.0000,   4.2238,   0.4536,   0.9692,   0.0042
10491000000.0000,   4.2191,   0.4522,   0.9691,   0.0049
10493593750.0000,   4.2200,   0.4519,   0.9694,   0.0055
10496187500.0000,   4.2169,   0.4488,   0.9696,   0.0061
10498781250.0000,   4.2125,   0.4507,   0.9705,   0.0060
10501375000.0000,   4.2079,   0.4410,   0.9704,   0.0051
10503968750.0000,   4.2000,   0.4412,   0.9711,   0.0063
10506562500.0000,   4.2070,   0.4477,   0.9706,   0.0069
10509156250.0000,   4.2030,   0.4424,   0.9708,   0.0063
10511750000.0000,   4.1997,   0.4404,   0.9720,   0.0063
10514343750.0000,   4.2000,   0.4426,   0.9724,   0.0065
10516937500.0000,   4.2014,   0.4377,   0.9726,   0.0069
10519531250.0000,   4.1956,   0.4428,   0.9736,   0.0072
10522125000.0000,   4.1910,   0.4430,   0.9742,   0.0074
10524718750.0000,   4.1883,   0.4417,   0.9755,   0.0069
10527312500.0000,   4.1855,   0.4452,   0.9769,   0.0081
10529906250.0000,   4.1865,   0.4426,   0.9763,   0.0080
10532500000.0000,   4.1834,   0.4421,   0.9769,   0.0075
10535093750.0000,   4.1827,   0.4468,   0.9786,   0.0080
10537687500.0000,   4.1849,   0.4492,   0.9778,   0.0077
10540281250.0000,   4.1820,   0.4415,   0.9786,   0.0070
10542875000.0000,   4.1811,   0.4482,   0.9799,   0.0078
10545468750.0000,   4.1816,   0.4523,   0.9811,   0.0067
10548062500.0000,   4.1828,   0.4532,   0.9811,   0.0060
10550656250.0000,   4.1832,   0.4575,   0.9814,   0.0071
10553250000.0000,   4.1822,   0.4523,   0.9822,   0.0062
10555843750.0000,   4.1824,   0.4575,   0.9818,   0.0074
10558437500.0000,   4.1868,   0.4621,   0.9819,   0.0061
10561031250.0000,   4.1859,   0.4634,   0.9828,   0.0059
10563625000.0000,   4.1869,   0.4647,   0.9832,   0.0061
10566218750.0000,   4.1843,   0.4658,   0.9827,   0.0059
10568812500.0000,   4.1904,   0.4703,   0.9828,   0.0045
10571406250.0000,   4.1928,   0.4684,   0.9829,   0.0050
10574000000.0000,   4.1931,   0.4667,   0.9832,   0.0051
10576593750.0000,   4.1970,   0.4749,   0.9836,   0.0041
10579187500.0000,   4.2055,   0.4694,   0.9831,   0.0052
10581781250.0000,   4.2010,   0.4698,   0.9828,   0.0044
10584375000.0000,   4.2037,   0.4682,   0.9828,   0.0043
10586968750.0000,   4.2022,   0.4751,   0.9816,   0.0034
10589562500.0000,   4.2125,   0.4761,   0.9811,   0.0041
10592156250.0000,   4.2101,   0.4683,   0.9807,   0.0038
10594750000.0000,   4.2141,   0.4711,   0.9809,   0.0042
10597343750.0000,   4.2185,   0.4687,   0.9800,   0.0027
10599937500.0000,   4.2136,   0.4718,   0.9804,   0.0033
10602531250.0000,   4.2176,   0.4734,   0.9797,   0.0027
10605125000.0000,   4.2204,   0.4723,   0.9796,   0.0028
10607718750.0000,   4.2192,   0.4714,   0.9792,   0.0027
10610312500.0000,   4.2189,   0.4722,   0.9784,   0.0037
10612906250.0000,   4.2180,   0.4652,   0.9781,   0.0029
10615500000.0000,   4.2242,   0.4654,   0.9770,   0.0030
10618093750.0000,   4.2178,   0.4648,   0.9774,   0.0036
10620687500.0000,   4.2198,   0.4677,   0.9772,   0.0035
10623281250.0000,   4.2216,   0.4616,   0.9766,   0.0039
10625875000.0000,   4.2201,   0.4611,   0.9766,   0.0033
10628468750.0000,   4.2197,   0.4643,   0.9765,   0.0039
10631062500.0000,   4.2155,   0.4602,   0.9768,   0.0033
10633656250.0000,   4.2151,   0.4560,   0.9768,   0.0039
10636250000.0000,   4.2160,   0.4540,   0.9756,   0.0038
10638843750.0000,   4.2160,   0.4517,   0.9771,   0.0042
10641437500.0000,   4.2055,   0.4532,   0.9771,   0.0043
10644031250.0000,   4.2091,   0.4512,   0.9760,   0.0046
10646625000.0000,   4.2069,   0.4509,   0.9775,   0.0053
10649218750.0000,   4.2003,   0.4453,   0.9777,   0.0060
10651812500.0000,   4.2006,   0.4499,   0.9778,   0.0054
10654406250.0000,   4.1995,   0.4484,   0.9789,   0.0060
10657000000.0000,   4.1989,   0.4486,   0.9784,   0.0060
10659593750.0000,   4.1950,   0.4465,   0.9800,   0.0064
10662187500.0000,   4.1889,   0.4405,   0.9799,   0.0062
10664781250.0000,   4.1932,   0.4431,   0.9810,   0.0060
10667375000.0000,   4.1857,   0.4441,   0.9815,   0.0073
10669968750.0000,   4.1841,   0.4429,   0.9826,   0.0073
10672562500.0000,   4.1859,   0.4454,   0.9833,   0.0078
10675156250.0000,   4.1842,   0.4416,   0.9838,   0.0071
10677750000.0000,   4.1771,   0.4427,   0.9840,   0.0068
10680343750.0000,   4.1773,   0.4448,   0.9850,   0.0070
10682937500.0000,   4.1780,   0.4513,   0.9844,   0.0072
10685531250.0000,   4.1785,   0.4444,   0.9851,   0.0067
10688125000.0000,   4.1766,   0.4496,   0.9865,   0.0079
10690718750.0000,   4.1768,   0.4501,   0.9873,   0.0065
10693312500.0000,   4.1770,   0.4460,   0.9876,   0.0063
10695906250.0000,   4.1796,   0.4489,   0.9887,   0.0063
10698500000.0000,   4.1794,   0.4574,   0.9888,   0.0074
10701093750.0000,   4.1794,   0.4595,   0.9894,   0.0066
10703687500.0000,   4.1845,   0.4569,   0.9895,   0.0062
10706281250.0000,   4.1788,   0.4607,   0.9899,   0.0064
10708875000.0000,   4.1809,   0.4663,   0.9901,   0.0065
10711468750.0000,   4.1845,   0.4622,   0.9903,   0.0057
10714062500.0000,   4.1937,   0.4661,   0.9902,   0.0052
10716656250.0000,   4.1912,   0.4664,   0.9895,   0.0046
10719250000.0000,   4.1959,   0.4661,   0.9896,   0.0036
10721843750.0000,   4.1988,   0.4691,   0.9896,   0.0040
10724437500.0000,   4.1980,   0.4692,   0.9897,   0.0043
10727031250.0000,   4.2006,   0.4738,   0.9893,   0.0041
10729625000.0000,   4.2054,   0.4817,   0.9887,   0.0040
10732218750.0000,   4.2092,   0.4741,   0.9887,   0.0037
10734812500.0000,   4.2120,   0.4756,   0.9889,   0.0028
10737406250.0000,   4.2200,   0.4774,   0.9876,   0.0034
10740000000.0000,   4.2170,   0.4742,   0.9872,   0.0030
10742593750.0000,   4.2204,   0.4772,   0.9869,   0.0019
10745187500.0000,   4.2266,   0.4788,   0.9868,   0.0027
10747781250.0000,   4.2235,   0.4844,   0.9858,   0.0027
10750375000.0000,   4.2342,   0.4749,   0.9850,   0.0016
10752968750.0000,   4.2298,   0.4752,   0.9840,   0.0022
10755562500.0000,   4.2338,   0.4810,   0.9842,   0.0020
10758156250.0000,   4.2394,   0.4792,   0.9831,   0.0025
10760750000.0000,   4.2350,   0.4781,   0.9827,   0.0017
10763343750.0000,   4.2405,   0.4752,   0.9825,   0.0020
10765937500.0000,   4.2386,   0.4763,   0.9817,   0.0025
10768531250.0000,   4.2347,   0.4744,   0.9813,   0.0025
10771125000.0000,   4.2445,   0.4692,   0.9802,   0.0021
10773718750.0000,   4.2445,   0.4689,   0.9804,   0.0028
10776312500.0000,   4.2421,   0.4696,   0.9798,   0.0031
10778906250.0000,   4.2458,   0.4664,   0.9795,   0.0032
10781500000.0000,   4.2445,   0.4673,   0.9783,   0.0035
10784093750.0000,   4.2467,   0.4634,   0.9780,   0.0036
10786687500.0000,   4.2409,   0.4633,   0.9783,   0.0034
10789281250.0000,   4.2403,   0.4591,   0.9783,   0.0032
10791875000.0000,   4.2396,   0.4607,   0.9780,   0.0044
10794468750.0000,   4.2433,   0.4624,   0.9776,   0.0045
10797062500.0000,   4.2410,   0.4590,   0.9772,   0.0043
10799656250.0000,   4.2373,   0.4574,   0.9783,   0.0050
10802250000.0000,   4.2375,   0.4590,   0.9783,   0.0042
10804843750.0000,   4.2386,   0.4577,   0.9785,   0.0051
10807437500.0000,   4.2354,   0.4587,   0.9773,   0.0046
10810031250.0000,   4.2365,   0.4528,   0.9776,   0.0052
10812625000.0000,   4.2319,   0.4550,   0.9779,   0.0049
10815218750.0000,   4.2272,   0.4553,   0.9784,   0.0056
10817812500.0000,   4.2259,   0.4562,   0.9792,   0.0059
10820406250.0000,   4.2260,   0.4527,   0.9788,   0.0051
10823000000.0000,   4.2289,   0.4575,   0.9796,   0.0055
10825593750.0000,   4.2211,   0.4599,   0.9801,   0.0058
10828187500.0000,   4.2193,   0.4572,   0.9803,   0.0055
10830781250.0000,   4.2205,   0.4564,   0.9807,   0.0056
10833375000.0000,   4.2215,   0.4605,   0.9811,   0.0059
10835968750.0000,   4.2234,   0.4605,   0.9811,   0.0059
10838562500.0000,   4.2162,   0.4563,   0.9819,   0.0055
10841156250.0000,   4.2181,   0.4604,   0.9814,   0.0058
10843750000.0000,   4.2109,   0.4662,   0.9829,   0.0052
10846343750.0000,   4.2110,   0.4634,   0.9837,   0.0050
10848937500.0000,   4.2162,   0.4665,   0.9833,   0.0056
10851531250.0000,   4.2159,   0.4676,   0.9836,   0.0051
10854125000.0000,   4.2168,   0.4657,   0.9840,   0.0045
10856718750.0000,   4.2125,   0.4652,   0.9836,   0.0044
10859312500.0000,   4.2142,   0.4690,   0.9833,   0.0045
10861906250.0000,   4.2136,   0.4689,   0.9854,   0.0043
10864500000.0000,   4.2129,   0.4678,   0.9844,   0.0040
10867093750.0000,   4.2146,   0.4703,   0.9849,   0.0040
10869687500.0000,   4.2157,   0.4694,   0.9840,   0.0036
10872281250.0000,   4.2166,   0.4723,   0.9846,   0.0033
10874875000.0000,   4.2139,   0.4727,   0.9851,   0.0035
10877468750.0000,   4.2206,   0.4747,   0.9834,   0.0037
10880062500.0000,   4.2128,   0.4690,   0.9849,   0.0040
10882656250.0000,   4.2186,   0.4681,   0.9843,   0.0035
10885250000.0000,   4.2163,   0.4709,   0.9852,   0.0035
10887843750.0000,   4.2205,   0.4742,   0.9843,   0.0039
10890437500.0000,   4.2203,   0.4734,   0.9840,   0.0042
10893031250.0000,   4.2238,   0.4690,   0.9837,   0.0034
10895625000.0000,   4.2199,   0.4663,   0.9838,   0.0031
10898218750.0000,   4.2205,   0.4711,   0.9840,   0.0039
10900812500.0000,   4.2218,   0.4648,   0.9841,   0.0041
10903406250.0000,   4.2234,   0.4672,   0.9839,   0.0039
10906000000.0000,   4.2272,   0.4631,   0.9831,   0.0031
10908593750.0000,   4.2238,   0.4669,   0.9835,   0.0038
10911187500.0000,   4.2280,   0.4615,   0.9829,   0.0035
10913781250.0000,   4.2306,   0.4664,   0.9823,   0.0041
10916375000.0000,   4.2268,   0.4639,   0.9828,   0.0046
10918968750.0000,   4.2305,   0.4606,   0.9826,   0.0047
10921562500.0000,   4.2326,   0.4636,   0.9825,   0.0043
10924156250.0000,   4.2290,   0.4599,   0.9821,   0.0041
10926750000.0000,   4.2335,   0.4591,   0.9816,   0.0041
10929343750.0000,   4.2324,   0.4610,   0.9826,   0.0046
10931937500.0000,   4.2306,   0.4641,   0.9819,   0.0051
10934531250.0000,   4.2306,   0.4644,   0.9826,   0.0047
10937125000.0000,   4.2286,   0.4658,   0.9818,   0.0050
10939718750.0000,   4.2321,   0.4606,   0.9816,   0.0051
10942312500.0000,   4.2322,   0.4569,   0.9824,   0.0041
10944906250.0000,   4.2272,   0.4666,   0.9822,   0.0040
10947500000.0000,   4.2294,   0.4711,   0.9823,   0.0045
10950093750.0000,   4.2291,   0.4647,   0.9823,   0.0048
10952687500.0000,   4.2315,   0.4698,   0.9822,   0.0040
10955281250.0000,   4.2336,   0.4685,   0.9830,   0.0053
10957875000.0000,   4.2307,   0.4670,   0.9828,   0.0047
10960468750.0000,   4.2335,   0.4699,   0.9826,   0.0045
10963062500.0000,   4.2288,   0.4691,   0.9832,   0.0038
10965656250.0000,   4.2287,   0.4689,   0.9831,   0.0043
10968250000.0000,   4.2278,   0.4719,   0.9829,   0.0032
10970843750.0000,   4.2302,   0.4687,   0.9826,   0.0034
10973437500.0000,   4.2266,   0.4764,   0.9834,   0.0037
10976031250.0000,   4.2248,   0.4754,   0.9835,   0.0031
10978625000.0000,   4.2274,   0.4790,   0.9835,   0.0030
10981218750.0000,   4.2264,   0.4741,   0.9838,   0.0028
10983812500.0000,   4.2310,   0.4724,   0.9823,   0.0029
10986406250.0000,   4.2248,   0.4781,   0.9829,   0.0033
10989000000.0000,   4.2278,   0.4740,   0.9834,   0.0034
10991593750.0000,   4.2359,   0.4750,   0.9826,   0.0017
10994187500.0000,   4.2369,   0.4782,   0.9826,   0.0032
10996781250.0000,   4.2292,   0.4725,   0.9834,   0.0021
10999375000.0000,   4.2326,   0.4718,   0.9822,   0.0025
11001968750.0000,   4.2392,   0.4798,   0.9823,   0.0019
11004562500.0000,   4.2374,   0.4786,   0.9821,   0.0016
11007156250.0000,   4.2352,   0.4753,   0.9824,   0.0025
11009750000.0000,   4.2406,   0.4730,   0.9814,   0.0019
11012343750.0000,   4.2365,   0.4723,   0.9815,   0.0028
11014937500.0000,   4.2370,   0.4759,   0.9826,   0.0018
11017531250.0000,   4.2400,   0.4698,   0.9810,   0.0016
11020125000.0000,   4.2400,   0.4752,   0.9812,   0.0027
11022718750.0000,   4.2375,   0.4708,   0.9808,   0.0027
11025312500.0000,   4.2391,   0.4707,   0.9812,   0.0022
11027906250.0000,   4.2389,   0.4765,   0.9808,   0.0030
11030500000.0000,   4.2370,   0.4708,   0.9813,   0.0027
11033093750.0000,   4.2389,   0.4655,   0.9805,   0.0034
11035687500.0000,   4.2349,   0.4636,   0.9812,   0.0028
11038281250.0000,   4.2347,   0.4643,   0.9810,   0.0039
11040875000.0000,   4.2378,   0.4651,   0.9809,   0.0030
11043468750.0000,   4.2334,   0.4610,   0.9814,   0.0039
11046062500.0000,   4.2317,   0.4578,   0.9812,   0.0040
11048656250.0000,   4.2298,   0.4610,   0.9818,   0.0039
11051250000.0000,   4.2291,   0.4600,   0.9816,   0.0043
11053843750.0000,   4.2290,   0.4611,   0.9819,   0.0051
11056437500.0000,   4.2300,   0.4610,   0.9816,   0.0048
11059031250.0000,   4.2214,   0.4620,   0.9820,   0.0051
11061625000.0000,   4.2199,   0.4598,   0.9832,   0.0050
11064218750.0000,   4.2183,   0.4587,   0.9837,   0.0050
11066812500.0000,   4.2133,   0.4567,   0.9843,   0.0055
11069406250.0000,   4.2132,   0.4597,   0.9845,   0.0061
11072000000.0000,   4.2138,   0.4539,   0.9847,   0.0054
11074593750.0000,   4.2092,   0.4605,   0.9854,   0.0057
11077187500.0000,   4.2112,   0.4578,   0.9855,   0.0056
11079781250.0000,   4.2093,   0.4561,   0.9863,   0.0058
11082375000.0000,   4.2084,   0.4582,   0.9866,   0.0059
11084968750.0000,   4.2026,   0.4548,   0.9875,   0.0055
11087562500.0000,   4.2039,   0.4603,   0.9883,   0.0057
11090156250.0000,   4.2080,   0.4637,   0.9877,   0.0058
11092750000.0000,   4.2062,   0.4617,   0.9882,   0.0054
11095343750.0000,   4.2021,   0.4663,   0.9897,   0.0051
11097937500.0000,   4.2030,   0.4674,   0.9897,   0.0049
11100531250.0000,   4.2022,   0.4628,   0.9901,   0.0050
11103125000.0000,   4.2073,   0.4682,   0.9897,   0.0042
11105718750.0000,   4.2079,   0.4678,   0.9907,   0.0039
11108312500.0000,   4.2111,   0.4729,   0.9908,   0.0039
11110906250.0000,   4.2103,   0.4745,   0.9909,   0.0036
11113500000.0000,   4.2116,   0.4773,   0.9919,   0.0029
11116093750.0000,   4.2158,   0.4811,   0.9913,   0.0028
11118687500.0000,   4.2197,   0.4861,   0.9907,   0.0026
11121281250.0000,   4.2182,   0.4855,   0.9915,   0.0019
11123875000.0000,   4.2264,   0.4889,   0.9911,   0.0015
11126468750.0000,   4.2322,   0.4897,   0.9911,   0.0008
11129062500.0000,   4.2285,   0.4917,   0.9911,   0.0011
11131656250.0000,   4.2415,   0.4914,   0.9905,   0.0007
11134250000.0000,   4.2385,   0.4942,   0.9899,  -0.0002
11136843750.0000,   4.2480,   0.4933,   0.9893,  -0.0008
11139437500.0000,   4.2539,   0.4956,   0.9887,  -0.0005
11142031250.0000,   4.2549,   0.5003,   0.9882,  -0.0014
11144625000.0000,   4.2581,   0.5013,   0.9877,  -0.0012
11147218750.0000,   4.2627,   0.4987,   0.9871,  -0.0016
11149812500.0000,   4.2593,   0.5043,   0.9867,  -0.0023
11152406250.0000,   4.2676,   0.5005,   0.9864,  -0.0020
11155000000.0000,   4.2766,   0.5031,   0.9853,  -0.0022
11157593750.0000,   4.2825,   0.5018,   0.9843,  -0.0024
11160187500.0000,   4.2812,   0.4959,   0.9832,  -0.0032
11162781250.0000,   4.2821,   0.4972,   0.9825,  -0.0028
11165375000.0000,   4.2860,   0.4979,   0.9817,  -0.0026
11167968750.0000,   4.2904,   0.4938,   0.9802,  -0.0023
11170562500.0000,   4.2943,   0.4960,   0.9802,  -0.0022
11173156250.0000,   4.2954,   0.4906,   0.9794,  -0.0016
11175750000.0000,   4.2993,   0.4909,   0.9788,  -0.0017
11178343750.0000,   4.2914,   0.4853,   0.9778,  -0.0012
11180937500.0000,   4.2938,   0.4827,   0.9791,  -0.0007
11183531250.0000,   4.2993,   0.4820,   0.9773,  -0.0003
11186125000.0000,   4.2933,   0.4824,   0.9772,   0.0003
11188718750.0000,   4.2934,   0.4808,   0.9770,   0.0005
11191312500.0000,   4.2897,   0.4749,   0.9760,   0.0009
11193906250.0000,   4.2948,   0.4713,   0.9759,   0.0012
11196500000.0000,   4.2897,   0.4705,   0.9762,   0.0018
11199093750.0000,   4.2815,   0.4699,   0.9763,   0.0025
11201687500.0000,   4.2833,   0.4670,   0.9755,   0.0031
11204281250.0000,   4.2765,   0.4627,   0.9763,   0.0034
11206875000.0000,   4.2764,   0.4606,   0.9761,   0.0041
11209468750.0000,   4.2752,   0.4553,   0.9764,   0.0045
11212062500.0000,   4.2688,   0.4565,   0.9765,   0.0041
11214656250.0000,   4.2641,   0.4573,   0.9774,   0.0051
11217250000.0000,   4.2623,   0.4586,   0.9767,   0.0060
11219843750.0000,   4.2541,   0.4554,   0.9779,   0.0062
11222437500.0000,   4.2572,   0.4619,   0.9778,   0.0061
11225031250.0000,   4.2538,   0.4573,   0.9788,   0.0065
11227625000.0000,   4.2462,   0.4591,   0.9796,   0.0064
11230218750.0000,   4.2496,   0.4601,   0.9796,   0.0064
11232812500.0000,   4.2422,   0.4605,   0.9807,   0.0062
11235406250.0000,   4.2399,   0.4608,   0.9815,   0.0067
11238000000.0000,   4.2411,   0.4669,   0.9814,   0.0064
11240593750.0000,   4.2373,   0.4671,   0.9828,   0.0054
11243187500.0000,   4.2400,   0.4697,   0.9831,   0.0059
11245781250.0000,   4.2377,   0.4693,   0.9840,   0.0053
11248375000.0000,   4.2329,   0.4712,   0.9845,   0.0050
11250968750.0000,   4.2333,   0.4706,   0.9850,   0.0044
11253562500.0000,   4.2330,   0.4772,   0.9862,   0.0043
11256156250.0000,   4.2301,   0.4851,   0.9865,   0.0045
11258750000.0000,   4.2350,   0.4781,   0.9868,   0.0035
11261343750.0000,   4.2365,   0.4825,   0.9872,   0.0029
11263937500.0000,   4.2381,   0.4898,   0.9872,   0.0019
11266531250.0000,   4.2371,   0.4929,   0.9883,   0.0019
11269125000.0000,   4.2403,   0.4952,   0.9871,   0.0017
11271718750.0000,   4.2478,   0.4989,   0.9879,   0.0008
11274312500.0000,   4.2454,   0.4932,   0.9881,   0.0019
11276906250.0000,   4.2515,   0.5037,   0.9870,  -0.0001
11279500000.0000,   4.2537,   0.5047,   0.9877,   0.0003
11282093750.0000,   4.2635,   0.5033,   0.9865,  -0.0008
11284687500.0000,   4.2622,   0.5066,   0.9873,  -0.0014
11287281250.0000,   4.2695,   0.5081,   0.9870,  -0.0006
11289875000.0000,   4.2793,   0.5081,   0.9847,  -0.0014
11292468750.0000,   4.2836,   0.5100,   0.9843,  -0.0022
11295062500.0000,   4.2915,   0.5066,   0.9842,  -0.0021
11297656250.0000,   4.2947,   0.5096,   0.9833,  -0.0029
11300250000.0000,   4.2979,   0.5077,   0.9827,  -0.0025
11302843750.0000,   4.3070,   0.5114,   0.9812,  -0.0027
11305437500.0000,   4.3112,   0.5016,   0.9804,  -0.0025
11308031250.0000,   4.3198,   0.5114,   0.9798,  -0.0026
11310625000.0000,   4.3193,   0.5053,   0.9788,  -0.0029
11313218750.0000,   4.3296,   0.5052,   0.9771,  -0.0024
11315812500.0000,   4.3305,   0.5017,   0.9756,  -0.0024
11318406250.0000,   4.3359,   0.5010,   0.9750,  -0.0023
11321000000.0000,   4.3431,   0.4976,   0.9741,  -0.0018
11323593750.0000,   4.3414,   0.4946,   0.9733,  -0.0014
11326187500.0000,   4.3425,   0.4940,   0.9724,  -0.0009
11328781250.0000,   4.3452,   0.4945,   0.9716,  -0.0009
11331375000.0000,   4.3485,   0.4904,   0.9702,  -0.0006
11333968750.0000,   4.3499,   0.4886,   0.9692,   0.0002
11336562500.0000,   4.3495,   0.4882,   0.9683,   0.0006
11339156250.0000,   4.3488,   0.4840,   0.9679,   0.0012
11341750000.0000,   4.3508,   0.4860,   0.9670,   0.0010
11344343750.0000,   4.3427,   0.4757,   0.9663,   0.0022
11346937500.0000,   4.3401,   0.4777,   0.9666,   0.0028
11349531250.0000,   4.3385,   0.4701,   0.9658,   0.0030
11352125000.0000,   4.3379,   0.4725,   0.9651,   0.0038
11354718750.0000,   4.3338,   0.4700,   0.9657,   0.0038
11357312500.0000,   4.3300,   0.4669,   0.9648,   0.0049
11359906250.0000,   4.3224,   0.4677,   0.9658,   0.0051
11362500000.0000,   4.3165,   0.4648,   0.9654,   0.0050
11365093750.0000,   4.3154,   0.4630,   0.9662,   0.0053
11367687500.0000,   4.3067,   0.4612,   0.9668,   0.0055
11370281250.0000,   4.3001,   0.4677,   0.9665,   0.0063
11372875000.0000,   4.2994,   0.4581,   0.9661,   0.0067
11375468750.0000,   4.2913,   0.4625,   0.9676,   0.0067
11378062500.0000,   4.2853,   0.4551,   0.9683,   0.0064
11380656250.0000,   4.2766,   0.4558,   0.9694,   0.0074
11383250000.0000,   4.2741,   0.4578,   0.9696,   0.0074
11385843750.0000,   4.2662,   0.4578,   0.9701,   0.0077
11388437500.0000,   4.2618,   0.4562,   0.9714,   0.0073
11391031250.0000,   4.2585,   0.4582,   0.9722,   0.0081
11393625000.0000,   4.2518,   0.4558,   0.9737,   0.0074
11396218750.0000,   4.2541,   0.4635,   0.9737,   0.0077
11398812500.0000,   4.2445,   0.4608,   0.9750,   0.0075
11401406250.0000,   4.2426,   0.4614,   0.9756,   0.0074
11404000000.0000,   4.2445,   0.4642,   0.9762,   0.0072
11406593750.0000,   4.2451,   0.4615,   0.9768,   0.0069
11409187500.0000,   4.2323,   0.4663,   0.9784,   0.0073
11411781250.0000,   4.2344,   0.4682,   0.9784,   0.0069
11414375000.0000,   4.2353,   0.4675,   0.9793,   0.0062
11416968750.0000,   4.2345,   0.4767,   0.9793,   0.0064
11419562500.0000,   4.2342,   0.4735,   0.9804,   0.0068
11422156250.0000,   4.2402,   0.4839,   0.9802,   0.0059
11424750000.0000,   4.2352,   0.4770,   0.9811,   0.0054
11427343750.0000,   4.2405,   0.4847,   0.9812,   0.0057
11429937500.0000,   4.2460,   0.4749,   0.9805,   0.0047
11432531250.0000,   4.2444,   0.4824,   0.9812,   0.0048
11435125000.0000,   4.2476,   0.4867,   0.9807,   0.0047
11437718750.0000,   4.2534,   0.4887,   0.9805,   0.0036
11440312500.0000,   4.2559,   0.4888,   0.9811,   0.0037
11442906250.0000,   4.2525,   0.4911,   0.9801,   0.0038
11445500000.0000,   4.2635,   0.4885,   0.9802,   0.0029
11448093750.0000,   4.2716,   0.4987,   0.9795,   0.0034
11450687500.0000,   4.2728,   0.4969,   0.9786,   0.0029
11453281250.0000,   4.2773,   0.4936,   0.9776,   0.0026
11455875000.0000,   4.2798,   0.5004,   0.9778,   0.0024
11458468750.0000,   4.2835,   0.4960,   0.9774,   0.0020
11461062500.0000,   4.2819,   0.4954,   0.9759,   0.0030
11463656250.0000,   4.2839,   0.4974,   0.9767,   0.0021
11466250000.0000,   4.2954,   0.4982,   0.9750,   0.0016
11468843750.0000,   4.2950,   0.4978,   0.9746,   0.0018
11471437500.0000,   4.2986,   0.4986,   0.9733,   0.0023
11474031250.0000,   4.2991,   0.4932,   0.9735,   0.0020
11476625000.0000,   4.3007,   0.4906,   0.9726,   0.0024
11479218750.0000,   4.3008,   0.4902,   0.9721,   0.0029
11481812500.0000,   4.3059,   0.4925,   0.9713,   0.0021
11484406250.0000,   4.3049,   0.4890,   0.9701,   0.0035
11487000000.0000,   4.3104,   0.4821,   0.9688,   0.0028
11489593750.0000,   4.3042,   0.4855,   0.9692,   0.0028
11492187500.0000,   4.3055,   0.4841,   0.9685,   0.0034
11494781250.0000,   4.3035,   0.4850,   0.9689,   0.0037
11497375000.0000,   4.2983,   0.4814,   0.9677,   0.0047
11499968750.0000,   4.3008,   0.4730,   0.9678,   0.0047
11502562500.0000,   4.2945,   0.4729,   0.9676,   0.0049
11505156250.0000,   4.2946,   0.4715,   0.9674,   0.0056
11507750000.0000,   4.2941,   0.4749,   0.9666,   0.0056
11510343750.0000,   4.2896,   0.4691,   0.9669,   0.0065
11512937500.0000,   4.2897,   0.4699,   0.9669,   0.0056
11515531250.0000,   4.2805,   0.4677,   0.9677,   0.0064
11518125000.0000,   4.2806,   0.4628,   0.9681,   0.0070
11520718750.0000,   4.2708,   0.4533,   0.9682,   0.0075
11523312500.0000,   4.2692,   0.4615,   0.9683,   0.0075
11525906250.0000,   4.2706,   0.4559,   0.9687,   0.0076
11528500000.0000,   4.2632,   0.4603,   0.9694,   0.0082
11531093750.0000,   4.2625,   0.4603,   0.9699,   0.0080
11533687500.0000,   4.2565,   0.4608,   0.9698,   0.0082
11536281250.0000,   4.2509,   0.4572,   0.9701,   0.0088
11538875000.0000,   4.2459,   0.4542,   0.9715,   0.0089
11541468750.0000,   4.2467,   0.4600,   0.9720,   0.0082
11544062500.0000,   4.2419,   0.4695,   0.9729,   0.0083
11546656250.0000,   4.2366,   0.4625,   0.9731,   0.0085
11549250000.0000,   4.2348,   0.4628,   0.9739,   0.0089
11551843750.0000,   4.2301,   0.4627,   0.9745,   0.0086
11554437500.0000,   4.2202,   0.4688,   0.9752,   0.0086
11557031250.0000,   4.2273,   0.4646,   0.9757,   0.0087
11559625000.0000,   4.2237,   0.4638,   0.9759,   0.0080
11562218750.0000,   4.2221,   0.4676,   0.9771,   0.0082
11564812500.0000,   4.2184,   0.4656,   0.9779,   0.0085
11567406250.0000,   4.2192,   0.4713,   0.9780,   0.0079
11570000000.0000,   4.2138,   0.4679,   0.9792,   0.0079
11572593750.0000,   4.2179,   0.4729,   0.9787,   0.0074
11575187500.0000,   4.2113,   0.4698,   0.9794,   0.0071
11577781250.0000,   4.2081,   0.4697,   0.9805,   0.0072
11580375000.0000,   4.2086,   0.4743,   0.9809,   0.0077
11582968750.0000,   4.2115,   0.4768,   0.9812,   0.0070
11585562500.0000,   4.2072,   0.4763,   0.9812,   0.0074
11588156250.0000,   4.2102,   0.4838,   0.9813,   0.0073
11590750000.0000,   4.2089,   0.4776,   0.9818,   0.0069
11593343750.0000,   4.2135,   0.4801,   0.9820,   0.0068
11595937500.0000,   4.2096,   0.4785,   0.9828,   0.0066
11598531250.0000,   4.2139,   0.4777,   0.9822,   0.0067
11601125000.0000,   4.2152,   0.4825,   0.9817,   0.0065
11603718750.0000,   4.2131,   0.4825,   0.9819,   0.0070
11606312500.0000,   4.2156,   0.4820,   0.9822,   0.0061
11608906250.0000,   4.2126,   0.4866,   0.9823,   0.0061
11611500000.0000,   4.2111,   0.4784,   0.9825,   0.0059
11614093750.0000,   4.2250,   0.4802,   0.9810,   0.0062
11616687500.0000,   4.2219,   0.4842,   0.9822,   0.0063
11619281250.0000,   4.2216,   0.4795,   0.9812,   0.0064
11621875000.0000,   4.2193,   0.4836,   0.9815,   0.0066
11624468750.0000,   4.2223,   0.4860,   0.9814,   0.0063
11627062500.0000,   4.2258,   0.4825,   0.9807,   0.0060
11629656250.0000,   4.2254,   0.4893,   0.9799,   0.0061
11632250000.0000,   4.2286,   0.4870,   0.9801,   0.0064
11634843750.0000,   4.2267,   0.4832,   0.9802,   0.0066
11637437500.0000,   4.2281,   0.4881,   0.9806,   0.0061
11640031250.0000,   4.2324,   0.4885,   0.9795,   0.0063
11642625000.0000,   4.2303,   0.4837,   0.9798,   0.0058
11645218750.0000,   4.2311,   0.4874,   0.9792,   0.0065
11647812500.0000,   4.2259,   0.4897,   0.9798,   0.0061
11650406250.0000,   4.2244,   0.4914,   0.9798,   0.0057
11653000000.0000,   4.2298,   0.4913,   0.9792,   0.0068
11655593750.0000,   4.2242,   0.4939,   0.9797,   0.0062
11658187500.0000,   4.2290,   0.4896,   0.9785,   0.0061
11660781250.0000,   4.2265,   0.4871,   0.9794,   0.0060
11663375000.0000,   4.2247,   0.4911,   0.9793,   0.0060
11665968750.0000,   4.2247,   0.4910,   0.9792,   0.0062
11668562500.0000,   4.2231,   0.4951,   0.9796,   0.0056
11671156250.0000,   4.2244,   0.4888,   0.9795,   0.0062
11673750000.0000,   4.2191,   0.4924,   0.9798,   0.0063
11676343750.0000,   4.2229,   0.4890,   0.9796,   0.0065
11678937500.0000,   4.2178,   0.4889,   0.9799,   0.0062
11681531250.0000,   4.2202,   0.4900,   0.9795,   0.0058
11684125000.0000,   4.2171,   0.4880,   0.9798,   0.0066
11686718750.0000,   4.2147,   0.4949,   0.9800,   0.0067
11689312500.0000,   4.2115,   0.4881,   0.9796,   0.0063
11691906250.0000,   4.2088,   0.4859,   0.9801,   0.0064
11694500000.0000,   4.2105,   0.4875,   0.9805,   0.0062
11697093750.0000,   4.2074,   0.4868,   0.9811,   0.0065
11699687500.0000,   4.2076,   0.4914,   0.9808,   0.0072
11702281250.0000,   4.2093,   0.4883,   0.9810,   0.0068
11704875000.0000,   4.2061,   0.4876,   0.9818,   0.0073
11707468750.0000,   4.2064,   0.4868,   0.9814,   0.0071
11710062500.0000,   4.2086,   0.4874,   0.9815,   0.0072
11712656250.0000,   4.2074,   0.4894,   0.9816,   0.0078
11715250000.0000,   4.2092,   0.4806,   0.9813,   0.0074
11717843750.0000,   4.2096,   0.4839,   0.9817,   0.0070
11720437500.0000,   4.2076,   0.4830,   0.9820,   0.0080
11723031250.0000,   4.2111,   0.4866,   0.9813,   0.0077
11725625000.0000,   4.2144,   0.4846,   0.9812,   0.0079
11728218750.0000,   4.2133,   0.4876,   0.9813,   0.0077
11730812500.0000,   4.2107,   0.4832,   0.9815,   0.0078
11733406250.0000,   4.2095,   0.4861,   0.9817,   0.0082
11736000000.0000,   4.2140,   0.4890,   0.9811,   0.0081
11738593750.0000,   4.2167,   0.4802,   0.9803,   0.0084
11741187500.0000,   4.2180,   0.4860,   0.9804,   0.0079
11743781250.0000,   4.2194,   0.4869,   0.9798,   0.0083
11746375000.0000,   4.2160,   0.4880,   0.9803,   0.0080
11748968750.0000,   4.2232,   0.4854,   0.9798,   0.0083
11751562500.0000,   4.2184,   0.4827,   0.9798,   0.0083
11754156250.0000,   4.2230,   0.4848,   0.9793,   0.0081
11756750000.0000,   4.2227,   0.4891,   0.9791,   0.0076
11759343750.0000,   4.2294,   0.4853,   0.9786,   0.0071
11761937500.0000,   4.2227,   0.4863,   0.9784,   0.0077
11764531250.0000,   4.2274,   0.4823,   0.9779,   0.0083
11767125000.0000,   4.2238,   0.4879,   0.9776,   0.0075
11769718750.0000,   4.2221,   0.4879,   0.9777,   0.0081
11772312500.0000,   4.2270,   0.4826,   0.9777,   0.0074
11774906250.0000,   4.2232,   0.4909,   0.9777,   0.0071
11777500000.0000,   4.2234,   0.4853,   0.9775,   0.0069
11780093750.0000,   4.2208,   0.4903,   0.9774,   0.0073
11782687500.0000,   4.2191,   0.4914,   0.9774,   0.0076
11785281250.0000,   4.2227,   0.4905,   0.9774,   0.0064
11787875000.0000,   4.2238,   0.4853,   0.9771,   0.0067
11790468750.0000,   4.2196,   0.4879,   0.9774,   0.0066
11793062500.0000,   4.2171,   0.4934,   0.9777,   0.0069
11795656250.0000,   4.2162,   0.4886,   0.9774,   0.0062
11798250000.0000,   4.2135,   0.4872,   0.9779,   0.0061
11800843750.0000,   4.2140,   0.4902,   0.9773,   0.0063
11803437500.0000,   4.2136,   0.4855,   0.9773,   0.0068
11806031250.0000,   4.2037,   0.4867,   0.9787,   0.0069
11808625000.0000,   4.2097,   0.4893,   0.9778,   0.0065
11811218750.0000,   4.2025,   0.4905,   0.9779,   0.0062
11813812500.0000,   4.2030,   0.4914,   0.9783,   0.0057
11816406250.0000,   4.2019,   0.4854,   0.9787,   0.0066
11819000000.0000,   4.2018,   0.4842,   0.9785,   0.0070
11821593750.0000,   4.1984,   0.4861,   0.9786,   0.0062
11824187500.0000,   4.1974,   0.4925,   0.9782,   0.0071
11826781250.0000,   4.1985,   0.4850,   0.9787,   0.0072
11829375000.0000,   4.1932,   0.4840,   0.9794,   0.0066
11831968750.0000,   4.1949,   0.4811,   0.9785,   0.0068
11834562500.0000,   4.1914,   0.4817,   0.9790,   0.0070
11837156250.0000,   4.1922,   0.4784,   0.9782,   0.0073
11839750000.0000,   4.1922,   0.4796,   0.9785,   0.0076
11842343750.0000,   4.1916,   0.4815,   0.9791,   0.0076
11844937500.0000,   4.1961,   0.4827,   0.9788,   0.0081
11847531250.0000,   4.1936,   0.4804,   0.9787,   0.0077
11850125000.0000,   4.1944,   0.4815,   0.9784,   0.0075
11852718750.0000,   4.1912,   0.4804,   0.9796,   0.0078
11855312500.0000,   4.1938,   0.4819,   0.9788,   0.0079
11857906250.0000,   4.1971,   0.4743,   0.9783,   0.0083
11860500000.0000,   4.1947,   0.4779,   0.9786,   0.0081
11863093750.0000,   4.1912,   0.4752,   0.9792,   0.0080
11865687500.0000,   4.1936,   0.4724,   0.9779,   0.0085
11868281250.0000,   4.1932,   0.4725,   0.9783,   0.0082
11870875000.0000,   4.1997,   0.4745,   0.9781,   0.0079
11873468750.0000,   4.1989,   0.4770,   0.9783,   0.0079
11876062500.0000,   4.1953,   0.4726,   0.9780,   0.0078
11878656250.0000,   4.1973,   0.4725,   0.9777,   0.0079
11881250000.0000,   4.1958,   0.4675,   0.9778,   0.0086
11883843750.0000,   4.1995,   0.4701,   0.9774,   0.0081
11886437500.0000,   4.1991,   0.4711,   0.9767,   0.0085
11889031250.0000,   4.1984,   0.4663,   0.9773,   0.0083
11891625000.0000,   4.1973,   0.4673,   0.9769,   0.0085
11894218750.0000,   4.1980,   0.4708,   0.9772,   0.0082
11896812500.0000,   4.1969,   0.4640,   0.9769,   0.0089
11899406250.0000,   4.1958,   0.4677,   0.9772,   0.0086
11902000000.0000,   4.1988,   0.4651,   0.9765,   0.0086
11904593750.0000,   4.1923,   0.4623,   0.9765,   0.0089
11907187500.0000,   4.1922,   0.4717,   0.9765,   0.0085
11909781250.0000,   4.1958,   0.4654,   0.9773,   0.0091
11912375000.0000,   4.1932,   0.4652,   0.9771,   0.0092
11914968750.0000,   4.1910,   0.4584,   0.9774,   0.0093
11917562500.0000,   4.1873,   0.4601,   0.9772,   0.0094
11920156250.0000,   4.1860,   0.4588,   0.9768,   0.0100
11922750000.0000,   4.1884,   0.4661,   0.9768,   0.0101
11925343750.0000,   4.1847,   0.4631,   0.9778,   0.0097
11927937500.0000,   4.1859,   0.4581,   0.9771,   0.0099
11930531250.0000,   4.1821,   0.4614,   0.9772,   0.0105
11933125000.0000,   4.1781,   0.4612,   0.9778,   0.0103
11935718750.0000,   4.1788,   0.4607,   0.9777,   0.0114
11938312500.0000,   4.1785,   0.4622,   0.9779,   0.0107
11940906250.0000,   4.1729,   0.4617,   0.9781,   0.0108
11943500000.0000,   4.1728,   0.4612,   0.9784,   0.0101
11946093750.0000,   4.1692,   0.4568,   0.9785,   0.0107
11948687500.0000,   4.1677,   0.4670,   0.9789,   0.0107
11951281250.0000,   4.1626,   0.4641,   0.9797,   0.0102
11953875000.0000,   4.1665,   0.4653,   0.9791,   0.0099
11956468750.0000,   4.1611,   0.4603,   0.9792,   0.0105
11959062500.0000,   4.1594,   0.4640,   0.9802,   0.0103
11961656250.0000,   4.1532,   0.4607,   0.9800,   0.0106
11964250000.0000,   4.1505,   0.4665,   0.9804,   0.0097
11966843750.0000,   4.1522,   0.4646,   0.9811,   0.0098
11969437500.0000,   4.1427,   0.4659,   0.9813,   0.0102
11972031250.0000,   4.1430,   0.4670,   0.9813,   0.0100
11974625000.0000,   4.1387,   0.4672,   0.9815,   0.0093
11977218750.0000,   4.1359,   0.4661,   0.9819,   0.0092
11979812500.0000,   4.1372,   0.4682,   0.9823,   0.0091
11982406250.0000,   4.1324,   0.4664,   0.9831,   0.0085
11985000000.0000,   4.1274,   0.4710,   0.9835,   0.0094
11987593750.0000,   4.1304,   0.4659,   0.9834,   0.0088
11990187500.0000,   4.1258,   0.4667,   0.9842,   0.0087
11992781250.0000,   4.1245,   0.4659,   0.9850,   0.0089
11995375000.0000,   4.1235,   0.4670,   0.9847,   0.0080
11997968750.0000,   4.1225,   0.4644,   0.9851,   0.0084
12000562500.0000,   4.1205,   0.4612,   0.9858,   0.0080
12003156250.0000,   4.1137,   0.4615,   0.9865,   0.0076
12005750000.0000,   4.1148,   0.4580,   0.9873,   0.0080
12008343750.0000,   4.1193,   0.4565,   0.9868,   0.0079
12010937500.0000,   4.1172,   0.4582,   0.9876,   0.0078
12013531250.0000,   4.1194,   0.4553,   0.9874,   0.0078
12016125000.0000,   4.1155,   0.4565,   0.9881,   0.0077
12018718750.0000,   4.1154,   0.4541,   0.9888,   0.0078
12021312500.0000,   4.1177,   0.4547,   0.9889,   0.0078
12023906250.0000,   4.1204,   0.4536,   0.9891,   0.0077
12026500000.0000,   4.1205,   0.4513,   0.9888,   0.0078
12029093750.0000,   4.1216,   0.4516,   0.9894,   0.0075
12031687500.0000,   4.1210,   0.4473,   0.9890,   0.0082
12034281250.0000,   4.1194,   0.4487,   0.9897,   0.0087
12036875000.0000,   4.1227,   0.4492,   0.9901,   0.0087
12039468750.0000,   4.1283,   0.4496,   0.9898,   0.0081
12042062500.0000,   4.1255,   0.4464,   0.9897,   0.0085
12044656250.0000,   4.1237,   0.4585,   0.9903,   0.0083
12047250000.0000,   4.1319,   0.4496,   0.9901,   0.0083
12049843750.0000,   4.1345,   0.4511,   0.9896,   0.0084
12052437500.0000,   4.1326,   0.4484,   0.9900,   0.0092
12055031250.0000,   4.1331,   0.4498,   0.9900,   0.0086
12057625000.0000,   4.1350,   0.4515,   0.9901,   0.0091
12060218750.0000,   4.1383,   0.4532,   0.9899,   0.0085
12062812500.0000,   4.1372,   0.4562,   0.9894,   0.0085
12065406250.0000,   4.1396,   0.4575,   0.9893,   0.0085
12068000000.0000,   4.1426,   0.4550,   0.9888,   0.0084
12070593750.0000,   4.1407,   0.4561,   0.9890,   0.0086
12073187500.0000,   4.1462,   0.4605,   0.9886,   0.0084
12075781250.0000,   4.1403,   0.4595,   0.9887,   0.0081
12078375000.0000,   4.1468,   0.4608,   0.9880,   0.0077
12080968750.0000,   4.1453,   0.4651,   0.9874,   0.0081
12083562500.0000,   4.1460,   0.4665,   0.9876,   0.0074
12086156250.0000,   4.1445,   0.4641,   0.9878,   0.0074
12088750000.0000,   4.1435,   0.4658,   0.9873,   0.0068
12091343750.0000,   4.1401,   0.4697,   0.9876,   0.0068
12093937500.0000,   4.1457,   0.4689,   0.9876,   0.0069
12096531250.0000,   4.1414,   0.4648,   0.9875,   0.0066
12099125000.0000,   4.1417,   0.4708,   0.9870,   0.0065
12101718750.0000,   4.1441,   0.4715,   0.9878,   0.0054
12104312500.0000,   4.1426,   0.4677,   0.9870,   0.0061
12106906250.0000,   4.1388,   0.4724,   0.9877,   0.0054
12109500000.0000,   4.1358,   0.4682,   0.9880,   0.0045
12112093750.0000,   4.1381,   0.4657,   0.9871,   0.0050
12114687500.0000,   4.1360,   0.4675,   0.9883,   0.0048
12117281250.0000,   4.1327,   0.4644,   0.9883,   0.0056
12119875000.0000,   4.1291,   0.4666,   0.9888,   0.0057
12122468750.0000,   4.1259,   0.4623,   0.9889,   0.0057
12125062500.0000,   4.1238,   0.4632,   0.9894,   0.0055
12127656250.0000,   4.1297,   0.4604,   0.9891,   0.0057
12130250000.0000,   4.1267,   0.4576,   0.9894,   0.0058
12132843750.0000,   4.1255,   0.4557,   0.9897,   0.0065
12135437500.0000,   4.1216,   0.4585,   0.9907,   0.0057
12138031250.0000,   4.1260,   0.4579,   0.9906,   0.0055
12140625000.0000,   4.1219,   0.4542,   0.9908,   0.0053
12143218750.0000,   4.1182,   0.4583,   0.9915,   0.0057
12145812500.0000,   4.1212,   0.4619,   0.9919,   0.0058
12148406250.0000,   4.1195,   0.4610,   0.9919,   0.0051
12151000000.0000,   4.1188,   0.4544,   0.9927,   0.0058
12153593750.0000,   4.1165,   0.4552,   0.9929,   0.0061
12156187500.0000,   4.1202,   0.4573,   0.9928,   0.0057
12158781250.0000,   4.1183,   0.4538,   0.9936,   0.0063
12161375000.0000,   4.1168,   0.4563,   0.9943,   0.0060
12163968750.0000,   4.1168,   0.4514,   0.9939,   0.0058
12166562500.0000,   4.1180,   0.4487,   0.9941,   0.0063
12169156250.0000,   4.1166,   0.4529,   0.9945,   0.0058
12171750000.0000,   4.1151,   0.4514,   0.9952,   0.0063
12174343750.0000,   4.1168,   0.4570,   0.9955,   0.0058
12176937500.0000,   4.1189,   0.4565,   0.9954,   0.0060
12179531250.0000,   4.1188,   0.4535,   0.9959,   0.0061
12182125000.0000,   4.1174,   0.4503,   0.9969,   0.0064
12184718750.0000,   4.1124,   0.4557,   0.9968,   0.0066
12187312500.0000,   4.1187,   0.4549,   0.9965,   0.0063
12189906250.0000,   4.1185,   0.4557,   0.9978,   0.0060
12192500000.0000,   4.1182,   0.4602,   0.9976,   0.0062
12195093750.0000,   4.1207,   0.4599,   0.9974,   0.0061
12197687500.0000,   4.1234,   0.4610,   0.9974,   0.0057
12200281250.0000,   4.1235,   0.4612,   0.9977,   0.0051
12202875000.0000,   4.1219,   0.4621,   0.9981,   0.0052
12205468750.0000,   4.1275,   0.4664,   0.9979,   0.0056
12208062500.0000,   4.1276,   0.4692,   0.9981,   0.0050
12210656250.0000,   4.1296,   0.4698,   0.9978,   0.0052
12213250000.0000,   4.1359,   0.4676,   0.9976,   0.0045
12215843750.0000,   4.1370,   0.4744,   0.9977,   0.0043
12218437500.0000,   4.1394,   0.4756,   0.9967,   0.0037
12221031250.0000,   4.1424,   0.4756,   0.9966,   0.0041
12223625000.0000,   4.1430,   0.4730,   0.9966,   0.0039
12226218750.0000,   4.1480,   0.4780,   0.9956,   0.0036
12228812500.0000,   4.1563,   0.4825,   0.9956,   0.0029
12231406250.0000,   4.1544,   0.4774,   0.9949,   0.0030
12234000000.0000,   4.1584,   0.4834,   0.9943,   0.0033
12236593750.0000,   4.1637,   0.4835,   0.9939,   0.0028
12239187500.0000,   4.1656,   0.4817,   0.9943,   0.0026
12241781250.0000,   4.1641,   0.4858,   0.9934,   0.0026
12244375000.0000,   4.1690,   0.4881,   0.9924,   0.0024
12246968750.0000,   4.1716,   0.4829,   0.9919,   0.0024
12249562500.0000,   4.1810,   0.4827,   0.9911,   0.0018
12252156250.0000,   4.1851,   0.4837,   0.9901,   0.0023
12254750000.0000,   4.1869,   0.4823,   0.9899,   0.0019
12257343750.0000,   4.1867,   0.4853,   0.9896,   0.0018
12259937500.0000,   4.1869,   0.4846,   0.9884,   0.0014
12262531250.0000,   4.1916,   0.4944,   0.9885,   0.0003
12265125000.0000,   4.1957,   0.4884,   0.9878,   0.0007
12267718750.0000,   4.2002,   0.4862,   0.9873,   0.0009
12270312500.0000,   4.1938,   0.4895,   0.9868,   0.0012
12272906250.0000,   4.2056,   0.4893,   0.9857,   0.0008
12275500000.0000,   4.2009,   0.4897,   0.9857,   0.0007
12278093750.0000,   4.2026,   0.4845,   0.9856,   0.0015
12280687500.0000,   4.2026,   0.4836,   0.9850,   0.0012
12283281250.0000,   4.2030,   0.4826,   0.9850,   0.0012
12285875000.0000,   4.2010,   0.4845,   0.9847,   0.0016
12288468750.0000,   4.2026,   0.4797,   0.9848,   0.0019
12291062500.0000,   4.2047,   0.4768,   0.9842,   0.0012
12293656250.0000,   4.2019,   0.4749,   0.9841,   0.0022
12296250000.0000,   4.1977,   0.4747,   0.9838,   0.0020
12298843750.0000,   4.2045,   0.4760,   0.9843,   0.0022
12301437500.0000,   4.1946,   0.4708,   0.9842,   0.0030
12304031250.0000,   4.1931,   0.4631,   0.9842,   0.0034
12306625000.0000,   4.1950,   0.4637,   0.9846,   0.0023
12309218750.0000,   4.1851,   0.4668,   0.9850,   0.0032
12311812500.0000,   4.1855,   0.4621,   0.9855,   0.0033
12314406250.0000,   4.1854,   0.4578,   0.9858,   0.0040
12317000000.0000,   4.1793,   0.4568,   0.9860,   0.0045
12319593750.0000,   4.1736,   0.4558,   0.9866,   0.0043
12322187500.0000,   4.1736,   0.4526,   0.9871,   0.0051
12324781250.0000,   4.1695,   0.4467,   0.9875,   0.0053
12327375000.0000,   4.1722,   0.4539,   0.9878,   0.0055
12329968750.0000,   4.1618,   0.4492,   0.9889,   0.0060
12332562500.0000,   4.1639,   0.4507,   0.9891,   0.0061
12335156250.0000,   4.1584,   0.4501,   0.9897,   0.0066
12337750000.0000,   4.1586,   0.4503,   0.9901,   0.0061
12340343750.0000,   4.1610,   0.4457,   0.9904,   0.0068
12342937500.0000,   4.1588,   0.4490,   0.9909,   0.0067
12345531250.0000,   4.1549,   0.4509,   0.9914,   0.0069
12348125000.0000,   4.1578,   0.4469,   0.9910,   0.0067
12350718750.0000,   4.1579,   0.4527,   0.9922,   0.0070
12353312500.0000,   4.1576,   0.4511,   0.9924,   0.0067
12355906250.0000,   4.1576,   0.4552,   0.9922,   0.0069
12358500000.0000,   4.1569,   0.4536,   0.9928,   0.0069
12361093750.0000,   4.1534,   0.4589,   0.9938,   0.0065
12363687500.0000,   4.1655,   0.4541,   0.9924,   0.0062
12366281250.0000,   4.1622,   0.4612,   0.9927,   0.0056
12368875000.0000,   4.1637,   0.4645,   0.9932,   0.0054
12371468750.0000,   4.1724,   0.4733,   0.9925,   0.0045
12374062500.0000,   4.1736,   0.4682,   0.9926,   0.0045
12376656250.0000,   4.1773,   0.4752,   0.9916,   0.0042
12379250000.0000,   4.1797,   0.4739,   0.9922,   0.0041
12381843750.0000,   4.1861,   0.4797,   0.9908,   0.0031
12384437500.0000,   4.1869,   0.4792,   0.9905,   0.0027
12387031250.0000,   4.1925,   0.4866,   0.9906,   0.0028
12389625000.0000,   4.1968,   0.4865,   0.9900,   0.0020
12392218750.0000,   4.1994,   0.4862,   0.9894,   0.0017
12394812500.0000,   4.2052,   0.4923,   0.9880,   0.0007
12397406250.0000,   4.2089,   0.4918,   0.9882,   0.0007
12400000000.0000,   4.2120,   0.4929,   0.9874,   0.0009
